ticker,name,group,performance_today,performance_1w,performance_1m,performance_3m,performance_6m,performance_ytd
A,Agilent Technologies Inc,Diagnostics & Research,2.3637602,3.8134716,1.226002,18.26696,35.013477,10.435805
AA,Alcoa Corp,Aluminum,-0.9158679,-8.298837,-10.036743,-21.643929,-17.590788,-12.457659
AADX,Applied Aerospace & Defense Inc,Aerospace & Defense,4.892704,2.3450587,-32.560707,-35.069077,0,0
AAL,American Airlines Group Inc,Airlines,-2.519084,-1.3137558,-11.503812,-20.137587,22.435284,-16.699282
AAMI,Acadian Asset Management Inc,Asset Management,-1.6194332,-5.427027,-5.9253683,16.407187,72.10309,86.12766
AAOI,Applied Optoelectronics Inc,Communication Equipment,-0.49081036,-11.711294,-38.47892,-41.124496,8.853096,173.35054
AAON,AAON Inc,Building Products & Equipment,-1.6150384,-3.505583,-15.631741,-45.640724,-7.111611,-2.5311475
AAP,Advance Auto Parts Inc,Auto Parts,-3.4214618,0.20746888,-23.360367,-27.67055,-7.589286,10.610687
AAPG,Ascentage Pharma Group International ADR,Biotechnology,-2.4984765,-7.5678797,-12.087913,-6.542056,-16.274202,-39.02439
AAPL,Apple Inc,Consumer Electronics,-0.52239704,5.0738883,8.426323,11.184189,33.610226,21.878908
AAT,American Assets Trust Inc,REIT - Diversified,-0.09242144,0.18535681,-4.5474615,-10.1039505,17.948717,14.210248
AAUC,Allied Gold Corp,Gold,-2.2695692,-8.220965,-5.677246,-17.706709,-31.045752,-7.7797203
AB,AllianceBernstein Holding Lp,Asset Management,-0.055417012,-0.87936246,-0.33158332,0.33379695,-2.7762804,-6.262994
ABBV,Abbvie Inc,Drug Manufacturers - General,0.48515874,4.8344026,5.077298,21.502148,28.268396,15.121012
ABCB,Ameris Bancorp,Banks - Regional,0.011789672,0.92801905,-4.728212,-3.1510446,13.881058,14.218392
ABCL,AbCellera Biologics Inc,Biotechnology,2.1486123,3.2579186,1.875,106.32912,235.58824,233.62573
ABEV,Ambev SA ADR,Beverages - Brewers,-0.330033,0.33222592,8.633094,-3.2051282,11.439115,22.267206
ABG,Asbury Automotive Group Inc,Auto & Truck Dealerships,-1.7998182,-3.4042754,-1.6255875,4.110632,10.84396,-11.774825
ABM,ABM Industries Inc,Specialty Business Services,0.6452914,0.34177724,4.5892706,13.0464325,33.48489,17.990543
ABNB,Airbnb Inc,Travel Services,-1.3653678,-0.77226907,-6.118579,18.193947,30.967943,24.02004
ABR,Arbor Realty Trust Inc,REIT - Mortgage,-2.795699,-8.130081,-9.6,-13.076923,-39.813583,-41.75258
ABSI,Absci Corp,Biotechnology,-1.8541409,-8.208093,-14.069264,7.152497,168.24324,127.507164
ABT,Abbott Laboratories,Medical Devices,-1.0282278,-3.040958,-7.5564013,15.405498,-3.252418,-18.56493
ABUS,Arbutus Biopharma Corp,Biotechnology,-1.3645225,-2.1276596,7.430998,11.208791,19.339622,5.197505
ABVX,Abivax ADR,Biotechnology,-6.092622,-10.714884,-11.654104,7.5743823,-11.367791,-20.907642
ABX,Abacus Global Management Inc,Insurance - Life,-1.6859852,-3.014553,2.3026316,0.8648649,3.89755,9.122807
ACA,Arcosa Inc,Engineering & Construction,0,-0.16507325,0.09654506,6.8536515,44.169647,36.52182
ACAD,Acadia Pharmaceuticals Inc,Biotechnology,-2.761628,-3.3236995,-7.755946,23.774282,29.026037,0.18719581
ACDC,ProFrac Holding Corp,Oil & Gas Equipment & Services,-0.6147541,-11.49635,-8.143939,-20.098846,-24.454828,24.678663
ACEL,Accel Entertainment Inc,Gambling,0.17346054,-1.1976048,-5.250205,-10.87963,5.769231,1.2269939
ACGL,Arch Capital Group Ltd,Insurance - Diversified,-0.92904544,0.9623888,-0.78724056,6.426848,5.135428,1.1676397
ACHC,Acadia Healthcare Company Inc,Medical Care Facilities,-2.2142856,-2.8733594,-8.733334,10.092481,20.457544,92.95278
ACHR,Archer Aviation Inc,Aerospace & Defense,-0.7259528,-0.54545456,-14.397496,-1.7953322,-5.0347223,-27.26064
ACHV,Achieve Life Sciences Inc,Biotechnology,1.2448133,-2.9177718,-2.4,50.927834,83,47.283703
ACI,Albertsons Companies Inc,Grocery Stores,0.9433962,8.35443,5.2459016,-4.535316,-25.737421,-25.218405
ACIW,ACI Worldwide Inc,Software - Infrastructure,-2.583096,-1.2894534,-1.6113563,16.330235,30.045639,7.278812
ACLS,Axcelis Technologies Inc,Semiconductor Equipment & Materials,-0.25638592,-9.103496,-27.111235,-43.98763,24.410755,30.744337
ACM,AECOM,Engineering & Construction,-0.68111455,0.21868166,3.1179686,-6.7577386,-27.5683,-32.69695
ACMR,ACM Research Inc,Semiconductor Equipment & Materials,-4.367335,-13.395638,-25.338627,-41.80395,46.819748,62.07858
ACN,Accenture plc,Information Technology Services,-0.82051283,10.011376,13.778091,51.117363,-3.2951648,-27.916512
ACRS,Aclaris Therapeutics Inc,Biotechnology,-2.0390072,-0.6294964,-6.6722975,22.777779,49.728996,83.55482
ACT,Enact Holdings Inc,Insurance - Specialty,-1.1783503,-0.14127144,-0.60265166,16.725643,23.053967,24.82341
ACVA,ACV Auctions Inc,Auto & Truck Dealerships,0.19212297,41.519676,36.87664,60.95679,121.44373,30.049875
AD,Array Digital Infrastructure Inc,Telecom Services,-0.65308255,-1.0665973,7.5509048,-2.1358724,-16.270365,-29.074972
ADAM,Adamas Trust Inc,REIT - Mortgage,-0.7206209,-6.328452,-11.511858,-1.916758,21.836735,22.671232
ADBE,Adobe Inc,Software - Application,-2.9518073,1.1378796,1.4643363,32.076244,3.8726578,-26.352182
ADC,Agree Realty Corp,REIT - Retail,-1.0031083,-3.4715526,-5.9967804,-4.341297,-7.9842415,-2.7210884
ADEA,Adeia Inc,Software - Application,0.973236,-7.054871,-16.076845,-21.722729,7.2813444,44.347828
ADI,Analog Devices Inc,Semiconductors,0.09140768,-1.0189826,-7.4126267,-16.827785,16.77924,33.24115
ADIG,ADI Global Distribution Inc,Computer Hardware,0.44226044,-1.0648596,-4.619692,0,0,0
ADM,Archer Daniels Midland Co,Farm Products,0.19666821,0.06932409,6.5444703,15.326232,30.890131,50.652287
ADMA,Adma Biologics Inc,Biotechnology,-5.798687,-8.888889,-7.815846,3.6101084,-39.874302,-52.79605
ADNT,Adient plc,Auto Parts,-2.0788913,0.27292576,-8.606965,-11.469879,-6.179775,-4.1731873
ADP,Automatic Data Processing Inc,Software - Application,-0.036149368,4.2643843,3.9352026,26.610502,32.507545,7.5030127
ADPT,Adaptive Biotechnologies Corp,Diagnostics & Research,7.667474,9.254709,7.710941,52.196236,96.46539,64.28571
ADSE,Ads-Tec Energy Plc,Electrical Equipment & Parts,-1.6725352,-3.7068965,-6.9166665,-2.0175438,1.6378525,-11.908517
ADSK,Autodesk Inc,Software - Application,-1.0614598,9.621528,-6.265519,16.861006,-8.665672,-23.482315
ADT,ADT Inc,Security & Protection Services,0.28248587,0.7092199,-1.1142061,7.9027357,9.06298,-12.019827
ADUS,Addus HomeCare Corp,Medical Care Facilities,-1.2358305,-2.8096955,0.8529156,22.975698,16.720387,7.905764
ADX,Adams Diversified Equity Fund,Closed-End Fund - Equity,-0.662768,-1.6595908,-2.8593214,0.7512851,15.398551,9.262436
AEBI,Aebi Schmidt Holding AG,Farm & Heavy Construction Machinery,-0.24937657,-2.9126213,-3.2258065,-2.676399,21.089808,-5.13834
AEE,Ameren Corp,Utilities - Regulated Electric,-0.91372514,-3.04,-5.892025,-5.199227,-2.866302,3.1644301
AEG,Aegon Ltd,Insurance - Diversified,0,0,-4.0254235,7.6009502,33.039646,17.509727
AEHR,Aehr Test Systems,Semiconductor Equipment & Materials,-2.1470554,-14.629552,-43.97363,-29.245447,136.32677,304.0614
AEIS,Advanced Energy Industries Inc,Electrical Equipment & Parts,-1.4861411,-12.240824,-28.127241,-32.749134,-21.008165,19.678082
AEM,Agnico Eagle Mines Ltd,Gold,-0.32903063,-2.7990324,4.301303,18.144726,9.92017,16.144634
AEO,American Eagle Outfitters Inc,Apparel Retail,-4.0181465,-12.31498,-9.418961,-16.84447,-13.995355,-43.837696
AEP,American Electric Power Company Inc,Utilities - Regulated Electric,-1.3253702,-3.2565975,-4.6787324,-5.5446787,-4.0187807,4.596306
AER,Aercap Holdings NV,Rental & Leasing Services,-0.7889829,-1.9007093,-8.062479,-4.6463532,5.106383,-3.7840846
AERO,Grupo Aeromexico SAB de CV ADR,Airlines,-4.715762,-6.1704836,-6.1107574,-16.38322,19.336569,-32.832424
AES,AES Corp,Utilities - Diversified,0,-0.13495277,0.2710027,1.2311902,4.964539,3.2078104
AESI,Atlas Energy Solutions Inc,Oil & Gas Equipment & Services,3.7290716,-6.515775,6.3182526,-15.864198,1.1127596,44.692142
AEVA,Aeva Technologies Inc,Software - Infrastructure,-3.2719836,-9.154929,-40.252632,-41.82042,0.5669738,6.85241
AFG,American Financial Group Inc,Insurance - Property & Casualty,0.06263048,2.3562074,-1.9167804,8.194131,15.791593,5.2019315
AFL,Aflac Inc,Insurance - Life,0.461499,2.4490151,-2.8351793,1.8013337,10.666541,6.601977
AFRM,Affirm Holdings Inc,Credit Services,-1.7579722,5.7813644,-3.2608695,-2.4756494,64.551476,-3.1438935
AFYA,Afya Ltd,Education & Training Services,0,-0.8683068,-0.65264684,-2.6297085,-6.7392783,-11.09669
AG,First Majestic Silver Corp,Silver,-0.85106385,-11.992446,-4.7521715,3.5555556,2.025178,11.884754
AGBK,AGI Inc,Banks - Regional,-1.552795,-5.514158,4.2763157,-8.513708,-29.319956,0
AGCC,Agencia Comercial Spirits Ltd,Beverages - Wineries & Distilleries,-5.734767,-7.0014143,-8.234473,-15.705129,-6.405694,34.73361
AGCO,AGCO Corp,Farm & Heavy Construction Machinery,1.2183156,-2.435372,24.10025,8.912546,13.298553,18.663727
AGI,Alamos Gold Inc,Gold,-1.3740886,-4.7657733,3.4716094,-3.2195928,-8.10034,-8.838777
AGIO,Agios Pharmaceuticals Inc,Biotechnology,-1.2341963,-5.255559,-2.4382992,-3.9519906,17.767408,20.536371
AGL,Agilon Health Inc,Medical Care Facilities,-0.2814462,-1.5706806,-4.893661,-19.050966,764.3678,435.03702
AGM,Federal Agricultural Mortgage Corp,Credit Services,-0.32414192,0.013366005,-3.1244605,22.352428,60.068455,27.857834
AGNC,AGNC Investment Corp,REIT - Mortgage,-1.2884043,-5.2331114,-9.041096,-4.0462427,2.1538463,-7.0895524
AGO,Assured Guaranty Ltd,Insurance - Specialty,-2.1393309,-1.1771222,-6.3762794,-6.7433352,-11.6940975,-20.596416
AGRO,Adecoagro SA,Farm Products,-1.3651878,-7.223114,24.838013,25.108225,-18.072289,45.775536
AGX,Argan Inc,Engineering & Construction,-0.97309965,-3.329769,-34.03024,-47.385803,-17.96138,24.071238
AGYS,Agilysys Inc,Software - Application,-4.0616117,-1.3760604,-6.009162,19.574905,47.775738,-11.948839
AHCO,AdaptHealth Corp,Medical Devices,-1.0204082,2.1052632,0.17211704,-39.689117,-41.271442,-41.566265
AHR,American Healthcare REIT Inc,REIT - Healthcare Facilities,-0.5805243,-1.2646457,-2.9078274,14.122958,10.351278,12.81343
AI,C3.ai Inc,Software - Infrastructure,-3.4019697,3.9499037,11.237113,4.757282,27.39079,-19.95549
AIG,American International Group Inc,Insurance - Diversified,-0.4063442,1.2661602,0.22424482,2.647933,2.137384,-11.18644
AIIR,Air Global Plc,Tobacco,0,0,0,0,0,0
AIN,Albany International Corp,Textile Manufacturing,-1.196212,-1.8322879,-6.903569,-16.333708,21.268353,17.29783
AIO,Virtus Artificial Intelligence & Technology Opportunities Fund,Closed-End Fund - Equity,-2.189781,-6.402794,-10.500928,-14.770318,13.559322,10.896552
AIP,Arteris Inc,Semiconductors,-0.9704027,-9.969122,-26.661875,-53.729313,34.808453,31.67742
AIR,AAR Corp,Aerospace & Defense,-3.4643571,-6.966292,-24.585258,-14.056939,14.3984995,40.01691
AIT,Applied Industrial Technologies Inc,Industrial Distribution,-1.0619968,-2.7797444,-11.973911,-6.551071,24.451275,22.997234
AIZ,Assurant Inc,Insurance - Property & Casualty,1.0025771,2.021823,1.7786632,10.101593,34.44387,18.791779
AJG,Arthur J. Gallagher & Co,Insurance Brokers,-2.076589,1.5392172,0.028229222,15.874054,15.464109,-4.1539474
AKAM,Akamai Technologies Inc,Software - Infrastructure,-0.16103059,-4.8307,-14.288037,-15.619246,-4.5981174,20.802292
AKR,Acadia Realty Trust,REIT - Retail,-0.90817356,-2.2885573,-5.6676273,-7.051585,1.2893244,-4.3816943
AKTS,Aktis Oncology Inc,Biotechnology,-3.2801037,-6.8578553,-9.34466,-6.973848,26.61017,0
ALAB,Astera Labs Inc,Semiconductors,-1.7507002,-15.9712515,-21.123154,-39.449013,117.63185,51.803318
ALB,Albemarle Corp,Specialty Chemicals,-1.3735547,-9.895957,-15.329502,-29.248518,-27.60051,-19.78931
ALC,Alcon Inc,Medical Instruments & Supplies,0.029524652,-0.97910273,-6.525038,4.7619047,-7.9972844,-14.021063
ALG,Alamo Group Inc,Farm & Heavy Construction Machinery,0.5995489,-1.2527678,4.6951256,5.032538,6.0513144,0.9531185
ALGM,Allegro Microsystems Inc,Semiconductors,-1.7429837,-7.198661,-24.836159,-43.627117,11.051753,26.080364
ALGN,Align Technology Inc,Medical Instruments & Supplies,-3.9215686,-3.8713052,-14.115448,-19.266256,-15.117219,-5.8597503
ALGT,Allegiant Travel,Airlines,-0.43312103,2.0765312,-7.283511,-22.429535,1.4406229,-8.33822
ALH,Alliance Laundry Holdings Inc,"Furnishings, Fixtures & Appliances",-0.79924774,-2.9885058,-14.885035,-21.532167,9.10031,3.6855037
ALHC,Alignment Healthcare Inc,Healthcare Plans,-19.860897,-20.414429,-22.95691,-52.561756,-40.19608,-47.49367
ALK,Alaska Air Group Inc,Airlines,-1.9651191,-1.1149653,-9.377838,-18.980917,8.127878,-20.656063
ALKS,Alkermes plc,Drug Manufacturers - Specialty & Generic,0.43639538,1.3876652,-7.662989,2.3116248,63.516872,64.51037
ALKT,Alkami Technology Inc,Software - Application,-3.169014,3.217158,-4.7501235,31.13079,14.447086,-16.5583
ALL,Allstate Corp,Insurance - Property & Casualty,-0.49133396,1.4315009,-0.3448276,16.295158,25.089972,23.569542
ALLE,Allegion plc,Security & Protection Services,-0.50839823,1.8915179,-4.626774,15.744554,8.498842,-2.9016454
ALLY,Ally Financial Inc,Credit Services,-0.8583691,-0.5976572,-4.654896,-8.595296,8.196721,-8.191654
ALM,Almonty Industries Inc,Other Industrial Metals & Mining,-4.4897957,-23.404255,-14.180929,-25.358852,-13.333333,59.364357
ALMR,Alamar Biosciences Inc,Medical Devices,2.7152555,-0.7251381,-10.519763,30.919855,0,0
ALMS,Alumis Inc,Biotechnology,-8.893709,-14.285714,-67.05882,-64.1179,-66.480446,-13.934426
ALNT,Allient Inc,Electronic Components,0.8061844,-4.827442,-19.235533,-4.7678666,51.276104,69.82326
ALNY,Alnylam Pharmaceuticals Inc,Biotechnology,-4.6881876,-7.647287,6.0863757,-14.319105,-23.672998,-40.08047
ALRM,Alarm.com Holdings Inc,Software - Application,-0.2346994,0.49099836,0.47272727,24.515547,24.54361,8.310467
ALRS,Alerus Financial Corp,Banks - Regional,0.15006003,1.7378049,-0.3583159,12.432614,42.7899,48.179398
ALSN,Allison Transmission Holdings Inc,Auto Parts,-0.88266253,-4.4794755,-3.705452,2.7707808,10.569106,25.025536
ALV,Autoliv Inc,Auto Parts,-1.9409282,-2.5085998,-3.776085,-1.7253045,15.806259,-2.10615
ALVO,Alvotech,Drug Manufacturers - Specialty & Generic,-0.5940594,-3.646833,29.381443,28.061224,42.209633,-2.1442494
ALX,Alexander's Inc,REIT - Retail,-1.9791708,-4.716652,-8.0720005,-5.2897406,2.6149797,12.714509
AM,Antero Midstream Corp,Oil & Gas Midstream,-1.3413506,-6.6112084,-3.7020316,-1.7503455,-5.8278146,19.898819
AMAL,Amalgamated Financial Corp,Banks - Regional,-1.6534115,-1.75622,-7.536403,6.904789,25.54101,46.70621
AMAT,Applied Materials Inc,Semiconductor Equipment & Materials,-0.7166262,-10.169564,-21.322224,-31.751228,17.954966,63.885754
AMBA,Ambarella Inc,Semiconductor Equipment & Materials,0.54704595,-6.497093,-18.092691,-8.060597,19.085524,-9.189723
AMBP,Ardagh Metal Packaging SA,Packaging & Containers,0.41841003,-2.0408163,-8.045977,10.599078,22.44898,17.073172
AMBQ,Ambiq Micro Inc,Semiconductors,2.0801878,-4.5789557,-10.330091,-32.74757,151.03136,113.50877
AMC,AMC Entertainment Holdings Inc,Entertainment,2,3.6585367,4.508197,-9.893993,160.01836,63.46154
AMCR,Amcor Plc,Packaging & Containers,0.49704143,-1.5534431,-6.742807,3.359299,10.91954,1.822542
AMD,Advanced Micro Devices Inc,Semiconductors,2.1868224,-3.242211,-0.35573122,-6.1726556,150.43462,135.43146
AME,Ametek Inc,Specialty Industrial Machinery,0.34239247,-0.77030516,-7.758587,-1.2509477,11.978793,14.1931715
AMG,Affiliated Managers Group Inc,Asset Management,-0.58289045,-2.2228467,-6.31664,-1.4054973,25.081785,20.695158
AMGN,AMGEN Inc,Drug Manufacturers - General,-1.5334207,-3.9921281,-10.427298,11.270735,8.007476,14.768873
AMH,American Homes 4 Rent,REIT - Residential,-0.031615555,-1.9230769,-5.9768066,-0.28382215,15.485756,-1.4953271
AMKR,AMKOR Technology Inc,Semiconductor Equipment & Materials,-1.5704584,-9.678676,-24.339315,-48.72872,1.2442698,17.477203
AMLX,Amylyx Pharmaceuticals Inc,Drug Manufacturers - Specialty & Generic,-1.4565992,2.3148148,54.689686,111.550735,140.04344,174.42053
AMN,AMN Healthcare Services Inc,Medical Care Facilities,-0.11699327,-0.6111758,-1.1291256,10.232408,89.61688,116.68782
AMP,Ameriprise Financial Inc,Asset Management,0.14323057,1.3517431,-0.40774176,19.662838,27.429716,14.071869
AMPH,Amphastar Pharmaceuticals Inc,Drug Manufacturers - Specialty & Generic,-1.1292347,2.6041667,13.3269415,25.677832,21.23077,-11.725168
AMPL,Amplitude Inc,Software - Application,-2.0512822,7.9096045,6.0269628,104.74732,90.72753,15.457685
AMPX,Amprius Technologies Inc,Electrical Equipment & Parts,-0.10905126,-7.193516,-20.8981,-43.351887,-49.67033,16.096325
AMR,Alpha Metallurgical Resources Inc,Coking Coal,-4.66515,-16.88552,11.602863,1.5341551,-2.6175847,-5.63338
AMRC,Ameresco Inc,Engineering & Construction,-1.4550265,-1.9736842,-21.578947,-21.96229,-16.166542,-23.694094
AMRX,Amneal Pharmaceuticals Inc,Drug Manufacturers - Specialty & Generic,-3.3101046,-3.4782608,-9.60912,2.7143738,40.74387,32.142857
AMRZ,Amrize Ltd,Building Materials,-0.0760842,-3.8320723,-13.842116,-28.816622,-25.038052,-27.14497
AMSC,American Superconductor Corp,Specialty Industrial Machinery,1.5395894,-5.4930058,-13.787737,-36.175114,-3.61865,-3.752606
AMT,American Tower Corp,REIT - Specialty,0.43517578,1.2996637,3.1817918,0.94291395,0.5203914,1.2188871
AMTB,Amerant Bancorp Inc,Banks - Regional,1.0494245,3.3587258,2.8600965,26.483051,44.13327,52.998463
AMTM,Amentum Holdings Inc,Specialty Business Services,2.0263424,4.298291,-1.4194812,-7.017544,-24.850746,-30.551723
AMX,America Movil SAB de CV ADR,Telecom Services,0.34602076,0.43290043,-2.0270271,-12.320484,-0.5572225,12.239962
AMZN,Amazon.com Inc,Internet Retail,-2.0194051,-1.5768621,-4.9328384,1.6490036,20.962166,7.624989
AN,Autonation Inc,Auto & Truck Dealerships,-0.96308184,-2.6627784,-0.6586651,7.878563,12.206547,-1.3899652
ANAB,AnaptysBio Inc,Biotechnology,1.0534097,-1.8312387,-8.393366,-4.920883,-12.322617,12.788779
ANDE,Andersons Inc,Food Distribution,-0.5719866,-0.07010656,3.4698026,0.070204996,7.269717,34.04175
ANDG,Andersen Group Inc,Personal Services,-3.8829787,-0.51385576,10.632653,45.843422,94.30108,109.06286
ANET,Arista Networks Inc,Computer Hardware,2.6782386,-0.046649043,-4.4400396,13.65592,46.959305,47.1724
ANF,Abercrombie & Fitch Co,Apparel Retail,-3.8756933,-11.119148,28.537466,54.940395,53.63719,7.3885756
ANGX,Angel Studios Inc,Entertainment,-3.8321168,6.8965516,11.889597,64.6875,66.77215,12.847966
ANIP,ANI Pharmaceuticals Inc,Drug Manufacturers - Specialty & Generic,2.4289773,1.9943423,-5.118421,-9.284186,-3.4284184,-8.652141
ANL,Adlai Nortye Group Ltd ADR,Biotechnology,-5.8380413,2.075536,12.443778,48.51485,102.702705,956.338
ANRO,Alto Neuroscience Inc,Biotechnology,-4.513889,-11.21221,-9.970238,33.025505,40.89427,69.94382
AOD,abrdn Total Dynamic Dividend Fund,Closed-End Fund - Foreign,-1.2369173,-2.443609,-3.710575,-0.28818443,10.543131,6.4615383
AON,Aon Plc,Insurance Brokers,-2.2051742,-0.0065640486,-12.254478,-4.113426,-6.4367533,-13.661868
AORT,Artivion Inc,Medical Devices,1.6419704,0.6344171,-10.381356,19.773478,-28.122345,-44.35431
AOS,A.O. Smith Corp,Specialty Industrial Machinery,-0.2788428,-1.0548159,-6.8078175,-1.7176228,-10.719301,-14.44378
APA,APA Corp,Oil & Gas E&P,5.285365,5.7314897,14.021164,43.53618,21.222195,93.82665
APAM,Artisan Partners Asset Management Inc,Asset Management,-2.0272071,-8.654564,-11.451302,2.3690078,2.3119776,-9.842906
APC,ARKO Petroleum Corp,Oil & Gas Refining & Marketing,1.6604178,-0.5762179,-2.6666667,3.2082653,3.7725532,0
APD,Air Products & Chemicals Inc,Specialty Chemicals,1.1945808,-1.5851511,-3.4235191,3.6936584,3.3984556,17.626102
APEI,American Public Education Inc,Education & Training Services,0.7427414,-0.59960026,1.0155721,-15.098635,-16.94192,18.412699
APG,APi Group Corp,Engineering & Construction,-0.40409482,-2.7361221,-17.330053,-13.093559,-6.405063,-3.3716676
APGE,Apogee Therapeutics Inc,Biotechnology,0,0,0,0,0,0
APH,Amphenol Corp,Electronic Components,-1.145767,-4.5365133,-9.11219,-5.281776,22.534323,14.917863
APLD,Applied Digital Corp,Information Technology Services,-4.719284,-13.706706,-24.887749,-49.7317,-9.679908,-4.4861336
APLE,Apple Hospitality REIT Inc,REIT - Hotel & Motel,-0.25839794,-0.5795235,-2.9541168,-6.9318867,33.218292,30.295359
APMD,Apnimed Inc,Biotechnology,0.039138943,-8.974359,-21.474655,0,0,0
APO,Apollo Global Management Inc,Asset Management,-1.0209649,-3.038632,-5.6042814,-7.6363635,13.392858,-12.268582
APOG,Apogee Enterprises Inc,Building Products & Equipment,0.6994888,-1.912998,-11.261261,-9.30458,17.964071,2.801428
APP,Applovin Corp,Advertising Agencies,-0.8317377,8.654036,6.24399,-29.433054,-25.07516,-50.808823
APPF,Appfolio Inc,Software - Application,1.8389146,9.8711405,15.301202,49.141914,36.03251,-2.8798625
APPN,Appian Corp,Software - Infrastructure,-1.018011,10.7476635,8.622171,81.00239,49.763035,7.0581594
APPS,Digital Turbine Inc,Software - Application,-2.9424307,2.893309,-7.026144,32.171894,264.7436,127.6
APTV,Aptiv Plc,Auto Parts,-2.3219469,-1.7074815,-12.569944,-31.29711,-35.75624,-42.5023
AQN,Algonquin Power & Utilities Corp,Utilities - Diversified,-1.3084112,-5.545617,-9.433962,-10.356537,-15.654952,-14.146341
AR,Antero Resources Corp,Oil & Gas E&P,1.9160105,-0.7413088,6.675824,16.887417,-9.886285,12.68137
ARCB,ArcBest Corp,Trucking,-0.65590686,-1.0279001,-7.588949,-6.7321663,53.91642,81.69565
ARCC,Ares Capital Corp,Asset Management,-2.1717172,-1.4750763,-1.3747454,7.432058,7.8507795,-4.251112
ARCO,Arcos Dorados Holdings Inc,Restaurants,-2.0151134,-3.8318913,-1.0178117,-9.005848,1.3020834,5.99455
ARDT,Ardent Health Inc,Medical Care Facilities,-2.8181818,-4.1255608,-1.8365473,19.977552,26.210154,21.064552
ARDX,Ardelyx Inc,Biotechnology,-3.409091,-10.526316,-16.256157,-43.80165,-35.969868,-41.68096
ARE,Alexandria Real Estate Equities Inc,REIT - Office,1.8668206,5.145014,12.760971,3.7233,11.69023,8.152841
ARES,Ares Management Corp,Asset Management,-1.8400244,-3.9220064,-8.659969,-0.18555744,21.942005,-20.126215
ARGX,Argen X SE ADR,Biotechnology,-1.0882952,-2.249803,-0.81794626,11.625575,47.569775,16.506332
ARHS,Arhaus Inc,Specialty Retail,-10.036945,-13.13912,-23.347324,0.6198347,7.743363,-34.83497
ARI,Apollo Commercial Real Estate Finance Inc,REIT - Mortgage,-0.913242,-3.6982248,-4.685212,-39.8892,-35.28827,-32.747932
ARIS,Aris Mining Corp,Gold,-0.6423983,-7.7993045,2.428256,11.672684,15.207946,0
ARLO,Arlo Technologies Inc,Building Products & Equipment,-1.744186,2.970297,-1.3858497,3.522205,-5.7839723,-3.3595426
ARLP,"Alliance Resource Partners, LP",Thermal Coal,0,-2.3533807,0.80987275,11.139456,-6.4758496,12.526905
ARM,Arm Holdings Plc ADR,Semiconductors,1.1798669,-8.477463,-10.905206,-44.9711,82.72006,121.23319
ARMK,Aramark,Specialty Business Services,-0.42713138,2.4073098,-5.6957927,9.28183,49.897118,58.111774
AROC,Archrock Inc,Oil & Gas Equipment & Services,0.29517874,-7.220874,-11.669555,-17.284285,-13.931889,17.52498
ARQT,Arcutis Biotherapeutics Inc,Biotechnology,-3.131438,-1.3842282,-8.199922,-10.301412,5.853219,-19.0427
ARR,ARMOUR Residential REIT Inc,REIT - Mortgage,-2.903226,-6.926407,-8.566221,-10.202864,-2.7777777,-14.923686
ARW,Arrow Electronics Inc,Electronics & Computer Distribution,-0.47696984,-0.88483214,-3.4171357,-8.538891,55.75966,93.165726
ARWR,Arrowhead Pharmaceuticals Inc,Biotechnology,-12.396182,-14.474162,-20.326944,-13.627475,25.457129,6.446754
ARX,Accelerant Holdings,Insurance Brokers,-0.10085729,-0.15120968,1.381781,52.501926,52.972973,21.162079
ARXS,Arxis Inc,Aerospace & Defense,1.2421095,-5.1687965,-13.680555,14.010548,0,0
AS,Amer Sports Inc,Leisure,-3.3756807,-4.1411595,-18.268345,-27.721966,-13.402733,-28.728247
ASA,ASA Gold and Precious Metals Ltd,Closed-End Fund - Equity,-2.047083,-8.799237,-3.7061882,-3.023138,4.666424,-3.770739
ASAN,Asana Inc,Software - Application,-1.6563147,15.151515,7.587769,37.283237,42.857143,-30.707512
ASB,Associated Banc-Corp,Banks - Regional,1.2692051,0.2977175,-5.427324,3.8356164,24.109701,17.701864
ASC,Ardmore Shipping Corp,Marine Shipping,-0.053333335,2.7975864,3.707803,9.783245,27.918089,76.9594
ASH,Ashland Inc,Specialty Chemicals,0.86120284,-2.1717944,-5.2581906,3.4599528,43.9664,19.771605
ASIC,Ategrity Specialty Insurance Company Holdings,Insurance - Property & Casualty,2.393712,5.6395135,18.970528,35.444233,48.03719,36.411232
ASM,Avino Silver & Gold Mines Ltd,Other Precious Metals & Mining,-1.4446228,-16.576086,-14.722222,-6.116208,14.7663555,-1.1272142
ASML,ASML Holding NV,Semiconductor Equipment & Materials,1.0367267,-7.9814053,-15.487064,-17.526222,20.81837,48.755913
ASND,Ascendis Pharma A/S,Biotechnology,-9.493432,-8.067175,-3.0840743,3.87298,8.062917,12.4413805
ASO,Academy Sports and Outdoors Inc,Specialty Retail,-7.0230412,-1.3880743,9.414317,-2.6630645,-2.962678,0.96076864
ASR,Grupo Aeroportuario Del Sureste SA ADR,Airports & Air Services,-1.4954383,-2.0935183,-5.5779467,-19.428312,-21.783363,-23.21274
ASST,Strive Inc,Asset Management,-5.02928,3.297115,108.86364,85.65656,175.1497,86.78862
ASTE,Astec Industries Inc,Farm & Heavy Construction Machinery,-0.70456755,-3.426276,-5.50289,-27.173914,-17.997593,-5.6555862
ASTH,Astrana Health Inc,Medical Care Facilities,-3.1565657,0.7619548,-3.5220125,-2.0934389,58.274864,54.574768
ASTS,AST SpaceMobile Inc,Communication Equipment,-2.05,-5.8474846,-17.388248,-27.138607,-34.64917,-19.083023
ASX,ASE Technology Holding CoLtd ADR,Semiconductors,0.10787486,-9.902913,-6.9907293,-8.481262,74.19052,130.559
ATAI,AtaiBeckley Inc,Biotechnology,0,0,0,0,0,0
ATAT,Atour Lifestyle Holdings Ltd ADR,Lodging,-3.5736291,-5.5236945,-11.306319,-5.9777713,-15.130152,-20.558376
ATEC,Alphatec Holdings Inc,Medical Devices,-1.8416207,18.642181,12.804233,20.998865,-13.823767,-49.334602
ATEN,A10 Networks Inc,Software - Infrastructure,4.451386,7.906414,-2.1937842,-19.573061,24.650513,51.215378
ATEX,Anterix Inc,Telecom Services,-2.1007862,-9.496009,-17.047068,1.9186904,93.085915,247.96152
ATHM,Autohome Inc ADR,Internet Content & Information,-1.658222,-0.23364486,-5.0689197,18.021006,18.479467,-4.0880504
ATI,ATI Inc,Metal Fabrication,-0.7759766,-9.610729,-19.453793,-7.276249,31.657263,62.678635
ATKR,Atkore Inc,Electrical Equipment & Parts,0.5102583,0.36089587,0.89638245,16.483923,68.478264,49.486168
ATLC,Atlanticus Holdings Corp,Credit Services,-1.7112074,0.4859611,-7.0800877,-7.0615263,70.20303,38.984318
ATMU,Atmus Filtration Technologies Inc,Auto Parts,-0.1352265,-4.5454545,-13.338549,-14.442943,-20.491655,-14.640724
ATO,Atmos Energy Corp,Utilities - Regulated Gas,-1.0986328,-2.7312565,-4.6262507,-4.743989,-10.222173,-3.3347254
ATR,Aptargroup Inc,Medical Instruments & Supplies,-0.18413258,2.1046598,-5.3590407,3.62367,2.9902527,2.2302394
ATRC,Atricure Inc,Medical Instruments & Supplies,0.7707474,6.015463,25.575163,95.208336,92.69923,42.113247
ATRO,Astronics Corp,Aerospace & Defense,-6.0945535,-11.851851,-28.38259,-17.279047,25.44,47.433628
ATS,ATS Corp,Specialty Industrial Machinery,-1.2866701,-0.92975205,-2.0929046,-31.573315,-36.405834,-30.355846
ATTO,Attovia Therapeutics Inc,Biotechnology,-3.3442087,3.6745408,4.359313,0,0,0
AU,AngloGold Ashanti Plc,Gold,0.22890127,-7.205381,1.1144578,10.828656,25.903238,18.09334
AUB,Atlantic Union Bankshares Corp,Banks - Regional,-0.12518778,0.8851796,-6.229431,1.8641471,16.399183,13.002832
AUGO,Aura Minerals Inc,Gold,-0.61413676,0.5274262,9.205501,34.985836,40.44539,70.12794
AUPH,Aurinia Pharmaceuticals Inc,Biotechnology,-1.7062767,-0.73846155,5.493787,-2.0048602,15.049929,1.1285267
AUR,Aurora Innovation Inc,Auto Parts,-0.30959752,-0.9230769,-7.6040173,2.5477707,55.932205,67.708336
AVA,Avista Corp,Utilities - Diversified,-0.9276944,-2.9144385,-6.9689984,-8.677062,-5.3687778,-5.786196
AVAH,Aveanna Healthcare Holdings Inc,Medical Care Facilities,-0.4867872,2.0684736,12.765958,83.697044,119.47853,75.153
AVAL,Grupo Aval Acciones y Valores SA ADR,Banks - Regional,0.18656716,0.56179774,-2.1857924,-6.6086955,29.710144,32.592594
AVAV,AeroVironment Inc,Aerospace & Defense,2.3402867,11.49858,-13.327444,-7.440599,-20.599838,-35.0986
AVBP,ArriVent BioPharma Inc,Biotechnology,-2.100105,-6.1094327,-3.5849707,-11.877757,27.02089,39.015903
AVEX,AEVEX Corp,Aerospace & Defense,-0.799508,-1.4660965,-20.227497,-11.8579235,0,0
AVGO,Broadcom Inc,Semiconductors,-1.5809933,-6.8911576,-13.546365,-17.52279,9.262181,-1.9734181
AVLN,Avalyn Pharma Inc,Biotechnology,-2.0011435,-4.4593086,-10.379085,8.99841,0,0
AVNT,Avient Corp,Specialty Chemicals,-0.4616132,-2.2195704,-9.737827,8.789166,28.392353,31.145967
AVO,Mission Produce Inc,Food Distribution,-3.2786884,-7.675112,-4.324324,7.832898,1.391162,6.8103447
AVPT,AvePoint Inc,Software - Infrastructure,-0.036764707,4.8996916,2.6037736,30.595581,31.990292,-2.12383
AVR,Anteris Technologies Global Corp,Medical Devices,-4.357798,-2.2274325,-11.464968,-14.723927,48.92857,67.13427
AVT,Avnet Inc,Electronics & Computer Distribution,0.3248863,0.9810334,-6.073203,1.2791079,58.49444,92.67887
AVTR,Avantor Inc,Medical Instruments & Supplies,1.8469657,3.7634408,14.37037,61.1691,105.592545,34.729492
AVTX,Avalo Therapeutics Inc,Biotechnology,-0.67985165,-11.751784,-19.448622,9.319728,19.746647,-11.508811
AVY,Avery Dennison Corp,Packaging & Containers,0.35104144,1.0189058,-2.8875551,8.091757,6.4283943,-5.6960635
AWF,AllianceBernstein Global High Income Fund Inc,Closed-End Fund - Debt,-0.100603625,-1.3902681,-2.2637796,-2.1674876,-0.997009,-7.109448
AWI,Armstrong World Industries Inc,Building Products & Equipment,-0.0873744,-4.2581186,-10.649104,1.3997973,-2.3007445,-16.227106
AWK,American Water Works Co Inc,Utilities - Regulated Water,-0.64785486,-1.6461198,2.731671,10.354201,1.6422417,5.762452
AWR,American States Water Co,Utilities - Regulated Water,-0.7690542,-2.0729496,-1.6160237,12.112566,19.406076,19.274282
AX,Axos Financial Inc,Banks - Regional,-1.1413333,-0.6751688,-6.685461,5.2344728,11.756904,7.5673165
AXGN,Axogen Inc,Medical Devices,2.718136,-4.8656654,-8.504578,0.2899197,46.101364,37.396885
AXON,Axon Enterprise Inc,Aerospace & Defense,-9.812722,-9.779592,-26.846704,4.411904,-10.919459,-22.159422
AXP,American Express Co,Credit Services,-1.022027,0.8172778,-3.5037625,-4.014793,9.790186,-12.304365
AXS,Axis Capital Holdings Ltd,Insurance - Specialty,0.54,2.1955683,0.66079295,-0.44558868,0.974189,-6.1163507
AXSM,Axsome Therapeutics Inc,Biotechnology,-5.7761564,-3.1144662,-5.6410966,-18.53493,30.047157,11.733465
AXTA,Axalta Coating Systems Ltd,Specialty Chemicals,-1.1286011,-3.3391404,-7.809471,-4.2840714,30.856918,3.0331166
AXTI,AXT Inc,Semiconductor Equipment & Materials,1.1216264,-16.267595,-39.877045,-31.772495,6.379056,252.9052
AYA,Aya Gold & Silver Inc,Silver,-0.78037906,-10.672465,0.11248594,34.305836,0,0
AYI,Acuity Inc,Electrical Equipment & Parts,-2.976961,-6.5336657,-16.80355,-5.597884,11.934894,-16.720364
AZN,Astrazeneca plc,Drug Manufacturers - General,-1.17841,3.1285841,3.1614506,-7.477277,-11.846405,-11.971065
AZO,Autozone Inc,Auto Parts,-3.549799,-1.7423745,-5.2677774,-6.664426,-12.874288,-15.664161
AZTA,Azenta Inc,Medical Instruments & Supplies,3.0898876,9.552238,-1.6378797,41.69884,63.59584,-0.69152135
AZUL,Azul SA ADR,Airlines,-2.2421525,-8.274895,-18.045113,-25.171625,0,0
AZZ,AZZ Inc,Specialty Business Services,0.25612053,-3.760214,-13.149308,-15.326378,11.859136,24.174286
B,Barrick Mining Corp,Gold,0.6363422,-4.2386184,0.4233302,5.8502727,14.970383,-1.9517796
BA,Boeing Co,Aerospace & Defense,-0.27583584,1.5841488,-7.1962824,-5.850395,7.4672,-3.4220707
BABA,Alibaba Group Holding Ltd ADR,Internet Retail,0.10070494,-0.054844607,-12.324593,2.0915034,-10.677232,-25.405922
BAC,Bank Of America Corp,Banks - Diversified,0.084076,-5.0263286,-6.839881,5.907473,26.20865,8.218182
BAH,Booz Allen Hamilton Holding Corp,Consulting Services,1.2008595,10.886427,6.7893825,20.644966,0.137586,-5.0972023
BALL,Ball Corp,Packaging & Containers,0.49415252,1.1942279,-0.2778686,5.6999307,6.922538,15.178403
BAM,Brookfield Asset Management Ltd,Asset Management,-1.6941882,-3.939648,-12.801978,-3.3726814,6.853147,-12.502386
BANC,Banc of California Inc,Banks - Regional,0.7583965,1.0869565,-5.5358047,-7.416625,10.516934,-3.576983
BAND,Bandwidth Inc,Software - Infrastructure,2.2666938,2.5599017,-5.133548,-2.549134,223.93272,224.1424
BANF,Bancfirst Corp,Banks - Regional,-0.5557547,0.12635379,-3.4716785,-0.332405,5.7578645,4.640634
BANR,Banner Corp,Banks - Regional,0.264109,2.4428349,-2.0638154,11.260219,24.212158,15.11331
BAP,Credicorp Ltd,Banks - Regional,-0.83501756,-0.6950547,-1.4222269,-2.5760267,15.937073,29.930313
BATRA,Atlanta Braves Holdings Inc,Entertainment,1.3391241,1.9850664,-0.2138275,2.7522936,21.659786,31.795717
BATRK,Atlanta Braves Holdings Inc,Entertainment,1.5828491,2.1148036,-3.831563,0.63517267,22.22758,28.51711
BAX,Baxter International Inc,Medical Instruments & Supplies,-0.62866724,-2.7880278,-8.490931,19.205631,46.811146,24.071167
BB,BlackBerry Ltd,Software - Infrastructure,0.6451613,0.6451613,-10.652921,-6.9212413,142.23602,105.80475
BBAI,BigBear.ai Holdings Inc,Information Technology Services,-2.0833333,-0.3533569,-12.149532,-28.061224,-21.22905,-47.77778
BBAR,BBVA Argentina ADR,Banks - Regional,-1.6216216,-3.9577837,-4.587156,-33.515984,8.656716,-19.424461
BBD,Banco Bradesco SA ADR,Banks - Regional,-1.1299435,2.0408163,13.268608,4.1666665,2.6392963,5.105105
BBDC,Barings BDC Inc,Asset Management,-0.45610034,-0.22857143,-7.0287538,5.3075995,7.380074,-4.901961
BBIO,BridgeBio Pharma Inc,Biotechnology,-5.512573,-10.107781,-14.394793,3.1990342,-0.2188503,-10.58962
BBN,BlackRock Taxable Municipal Bond Trust,Closed-End Fund - Debt,-1.7810026,-3.6245954,-5.3401146,-7.1116657,-5.819102,-8.762255
BBNX,Beta Bionics Inc,Medical Devices,14.943215,10.390356,9.510251,38.54467,79.71963,-36.888744
BBSI,Barrett Business Services Inc,Staffing & Employment Services,1.8663455,4.027052,8.011491,2.4213076,21.116678,-6.545153
BBT,Beacon Financial Corp,Banks - Regional,-0.095663264,0.83682007,-3.9251764,5.8445945,8.784722,18.809254
BBUC,Brookfield Business Corp,Conglomerates,-1.0050251,-3.7218046,-11.537133,-22.605017,-13.858056,-28.623188
BBVA,Banco Bilbao Vizcaya Argentaria SA ADR,Banks - Diversified,-0.92783505,-0.8596974,0.104166664,17.769608,40.36027,23.680824
BBWI,Bath & Body Works Inc,Specialty Retail,-6.644333,-5.590062,-11.111111,-18.677042,-13.858835,-16.733068
BBY,Best Buy Co Inc,Specialty Retail,-1.6766846,5.918437,9.129213,24.769169,48.471336,39.309727
BC,Brunswick Corp,Recreational Vehicles,-1.9104648,-3.0029607,-16.403402,-17.673807,-2.3698027,-7.327586
BCAT,BlackRock Capital Allocation Term Trust,Closed-End Fund - Equity,-3.4693878,-11.257035,-9.732824,-10.529634,-0.42105263,0.21186441
BCAX,Bicara Therapeutics Inc,Biotechnology,-2.2844827,-4.1032147,-9.101845,-2.4106758,23.139599,34.69994
BCC,Boise Cascade Co,Lumber & Wood Production,0.90365446,0,-7.3346353,1.7010447,11.171303,3.1657608
BCE,BCE Inc,Telecom Services,-2.4286323,-1.8431205,-1.9271948,-1.6323024,-11.2058935,-3.8623006
BCH,Banco de Chile ADR,Banks - Regional,0.048274197,-1.543943,0.8761256,3.08381,11.185622,9.078947
BCO,Brink's Co,Security & Protection Services,-0.39348462,0.6100379,-2.1836808,11.446709,11.435299,-6.7506213
BCPC,Balchem Corp,Specialty Chemicals,-0.9350836,-1.8236902,-7.3494787,-0.39175507,2.0122216,7.766041
BCRX,Biocryst Pharmaceuticals Inc,Drug Manufacturers - Specialty & Generic,-0.8505468,-7.325383,-17.907444,-9.232481,-15.876288,4.6153846
BCS,Barclays plc ADR,Banks - Diversified,-1.6241299,-3.7821484,-8.489208,-3.3067274,26.756353,-0.03929273
BCX,BlackRock Resources & Commodities Strategy Trust,Closed-End Fund - Equity,0.23622048,-3.414264,-0.15686275,10.025929,11.961302,15.938069
BDC,Belden Inc,Communication Equipment,-1.8340534,-5.4763117,-19.08569,-9.678728,-0.9255139,-4.4787645
BDJ,BlackRock Enhanced Equity Dividend Trust,Closed-End Fund - Equity,-0.6147541,0.20661157,-1.5228426,4.864865,12.922003,2.3206751
BDX,Becton Dickinson & Co,Medical Instruments & Supplies,1.6456181,3.403782,2.1033554,29.129045,20.625446,-4.199516
BE,Bloom Energy Corp,Electrical Equipment & Parts,0.8947676,-3.6876113,11.711751,-21.148642,72.76179,198.48083
BEAM,Beam Therapeutics Inc,Biotechnology,-3.7313433,-7.7656407,-14.317343,-31.98594,-5.7247257,-16.233767
BEKE,KE Holdings Inc ADR,Real Estate Services,-2.9341316,-3.9122703,-3.7982197,8.718981,2.0780857,2.85533
BELFA,Bel Fuse Inc,Electronic Components,0.83447766,-6.4576187,-23.022337,-28.16345,0.6962025,25.77075
BELFB,Bel Fuse Inc,Electronic Components,0.5903034,-5.796512,-22.20805,-21.809103,13.552844,36.62088
BEN,Franklin Templeton Inc,Asset Management,-0.53779507,-2.432591,-2.6323485,0.72617245,41.901108,39.347008
BEP,Brookfield Renewable Partners LP,Utilities - Renewable,-2.1066937,-7.6602564,-16.347271,-18.246311,-6.5520597,6.8223953
BEPC,Brookfield Renewable Corp,Utilities - Renewable,-2.2214742,-8.040519,-17.236467,-22.367718,-24.701918,-24.230568
BETA,BETA Technologies Inc,Aerospace & Defense,-0.0967118,2.5310173,-19.296875,28.32298,41.700962,-26.76356
BFAM,Bright Horizons Family Solutions Inc,Personal Services,0.807537,2.353477,-4.097311,4.8041043,-12.828139,-33.52071
BFC,Bank First Corp,Banks - Regional,0.33935913,0.17591868,-1.9951556,7.7586207,17.97882,26.210802
BFH,Bread Financial Holdings Inc,Credit Services,-1.4464891,0.23277467,-3.235955,5.116688,44.26427,45.41402
BFLY,Butterfly Network Inc,Medical Devices,5.263158,4.5576406,-13.525499,-12.35955,96.47355,105.26316
BFS,Saul Centers Inc,REIT - Retail,-1.3487476,-3.5478806,-10.358914,-14.737719,-5.1266212,-2.568982
BFST,Business First Bancshares Inc,Banks - Regional,0,1.1893282,-1.9620056,9.419535,21.96823,20.428463
BG,Bunge Global SA,Farm Products,0.43718553,-1.4089069,5.961187,8.1542015,3.055438,36.686127
BGC,BGC Group Inc,Capital Markets,-0.16447368,-0.41017228,8.781362,0.746888,29.286474,35.946247
BGSI,Boyd Group Services Inc,Auto & Truck Dealerships,-4.420131,4.660357,-4.9608355,-5.372617,-38.12593,-45.160076
BH,Biglari Holdings Inc,Restaurants,-5.022606,-4.884474,-11.418349,4.1714253,12.839377,4.268568
BHC,Bausch Health Companies Inc,Drug Manufacturers - Specialty & Generic,-4.222973,-7.9545455,-13.829787,18.867924,13.173653,-18.417267
BHE,Benchmark Electronics Inc,Electronic Components,0.52595156,-2.3659093,-13.710348,-21.199957,34.42532,69.855
BHF,Brighthouse Financial Inc,Insurance - Life,-2,-4.2033234,-12.091855,-22.529644,-17.438921,-24.371044
BHP,BHP Group Limited ADR,Other Industrial Metals & Mining,0.035402406,-8.108401,-4.0737805,-3.527939,29.836115,40.417427
BHRB,Burke & Herbert Financial Services Corp,Banks - Regional,-0.06987143,0.9030619,-1.1336927,9.158907,18.433256,14.764885
BHVN,Biohaven Ltd,Biotechnology,-2.3734176,-17.733334,-14.661134,-9.064112,38.18589,9.300265
BIDU,Baidu Inc ADR,Internet Content & Information,-1.6430904,-1.7820276,-13.1867075,-19.121332,-20.890951,-30.82045
BIIB,Biogen Inc,Drug Manufacturers - General,-0.54747885,2.5815024,3.3564427,9.965408,19.128183,22.830843
BILI,Bilibili Inc ADR,Internet Content & Information,-1.7789073,-2.82841,-10.27278,-10.116279,-35.79734,-37.128914
BILL,BILL Holdings Inc,Software - Application,0.5838534,4.2136,3.0103092,53.865105,25.370138,-8.397507
BIO,Bio-Rad Laboratories Inc,Medical Devices,2.5641026,0.2732313,6.4099317,33.833736,42.916557,24.756592
BIP,Brookfield Infrastructure Partners L.P,Utilities - Diversified,-1.71108,-4.366812,-9.94603,-6.7340965,-3.921031,0.8635579
BIPC,Brookfield Infrastructure Corp,Utilities - Regulated Gas,-1.7308766,-5.172414,-10.886076,-11.133553,-13.831089,-22.46696
BIRK,Birkenstock Holding Plc,Footwear & Accessories,-2.120026,-4.91128,-20.734283,-34.916504,-9.988003,-26.625917
BJ,BJ's Wholesale Club Holdings Inc,Discount Stores,-0.26230195,7.400294,0.66716087,11.546585,-2.0403957,5.5870266
BJRI,BJ's Restaurant Inc,Restaurants,-2.896685,-0.7157548,-8.948242,10.614116,72.104965,53.14721
BKD,Brookdale Senior Living Inc,Medical Care Facilities,-0.50377834,-2.3887973,-3.1071136,-13.186813,-13.755459,9.823911
BKE,Buckle Inc,Apparel Retail,-1.5396076,-2.747118,-8.1963415,-12.2205,-19.394186,-25.776863
BKH,Black Hills Corp,Utilities - Regulated Gas,-0.93457943,-3.9274924,-4.673661,-3.8350515,3.125,0.7778738
BKNG,Booking Holdings Inc,Travel Services,-2.2982607,-1.2166291,-16.331314,-0.2677844,-0.9491124,-20.023603
BKR,Baker Hughes Co,Oil & Gas Equipment & Services,-0.10567101,-10.873664,-12.604006,-2.89334,-6.014913,24.549847
BKSY,BlackSky Technology Inc,Specialty Business Services,2.7884614,-1.0643221,-30.516737,-26.250431,-18.052895,14.026667
BKU,BankUnited Inc,Banks - Regional,0.2923319,-1.3274336,-6.8115335,-6.184266,2.2701216,0.06730985
BKV,BKV Corp,Oil & Gas E&P,2.225021,1.0373445,-7.5901327,-0.81466395,-16.323025,-10.313075
BL,BlackLine Inc,Software - Application,-3.7966325,-1.1197828,-0.5460751,8.853194,-25.4922,-47.296074
BLBD,Blue Bird Corp,Farm & Heavy Construction Machinery,-0.97740746,-1.2621825,-3.2561052,-16.475199,15.665357,31.48936
BLCO,Bausch + Lomb Corp,Medical Instruments & Supplies,-1.9908987,-3.147836,1.3529412,15.870881,9.6055975,0.87822014
BLDR,Builders Firstsource Inc,Building Products & Equipment,-0.066401064,-1.9384265,-14.257228,-25.300905,-25.880325,-41.490913
BLFS,Biolife Solutions Inc,Medical Instruments & Supplies,2.7095683,4.179788,2.651622,39.746544,93.0504,50.496277
BLK,Blackrock Inc,Asset Management,-0.6512763,-1.2471666,-7.7106814,0.8161205,10.51769,-1.0912421
BLKB,Blackbaud Inc,Software - Application,-1.2918766,2.2918086,3.8949068,66.71597,2.1295877,-28.806065
BLLN,Billiontoone Inc,Diagnostics & Research,3.42194,5.1532874,11.031839,-0.83689964,37.19737,27.407135
BLSH,Bullish,Software - Infrastructure,-5.7416267,3.2615025,42.067307,47.13693,-6.6104817,-6.3638763
BLTE,Belite Bio Inc ADR,Biotechnology,-2.0578034,-7.4907184,3.817168,15.959485,9.606054,5.9264817
BLX,Bladex Inc,Banks - Regional,-0.84279954,-2.2222223,-1.7785844,-10.069791,10.448979,21.345291
BLZE,Backblaze Inc,Software - Infrastructure,1.1682243,-1.8140589,-33.006706,58.60806,254.91803,178.75537
BMA,Banco Macro SA ADR,Banks - Regional,-1.298364,-3.9787798,-3.5646327,-25.236034,12.306102,-15.683229
BMEZ,BlackRock Health Sciences Term Trust,Closed-End Fund - Equity,-1.4751076,-4.2985077,0.062421974,10.171822,16.497093,6.5116277
BMI,Badger Meter Inc,Scientific & Technical Instruments,-0.8725043,-1.3455371,-2.012432,-6.929889,-14.755982,-27.693367
BMNR,BitMine Immersion Technologies Inc,Capital Markets,-8.385093,-2.51962,26.001068,46.22057,12.702961,-13.075506
BMO,Bank of Montreal,Banks - Diversified,-0.3327978,0.61982274,-6.25,1.6859852,29.791527,33.831573
BMRN,Biomarin Pharmaceutical Inc,Biotechnology,-2.9513628,0.062102158,-3.2863145,17.84604,19.065214,8.446913
BMY,Bristol-Myers Squibb Co,Drug Manufacturers - General,-0.57722306,-1.0557367,-1.3925421,18.018518,10.873347,18.149796
BN,Brookfield Corp,Asset Management,-1.2762563,-3.608515,-13.146199,-16.449144,-2.9534762,-19.089127
BNL,Broadstone Net Lease Inc,REIT - Diversified,-1.722441,-3.573153,-5.8906693,-2.9640427,7.1351933,14.968336
BNS,Bank Of Nova Scotia,Banks - Diversified,-0.160548,1.2702204,2.1127532,7.181432,36.89463,26.58434
BNT,Brookfield Wealth Solutions Ltd,Insurance - Diversified,-1.0910058,-3.8043478,-13.275782,-16.528183,-8.650774,-19.107725
BNTX,BioNTech SE ADR,Biotechnology,-2.1950233,-1.4674412,5.5567684,6.38134,8.311863,1.5651261
BNY,Bank Of New York Mellon Corp,Banks - Diversified,-1.8964862,-4.8243184,-5.844037,7.6864166,0,1425.3452
BOBS,Bob's Discount Furniture Inc,Specialty Retail,-9.8452015,-11.97098,-20.610687,8.252789,16.57326,0
BOH,Bank of Hawaii Corp,Banks - Regional,-0.75,0.053057436,-5.5117126,-3.108542,6.8867793,10.326166
BOKF,BOK Financial Corp,Banks - Regional,-0.4326782,0.9367333,-6.8281636,4.17402,8.555209,14.612528
BOOT,Boot Barn Holdings Inc,Apparel Retail,-10.130216,-10.243322,-21.787607,-26.3173,-18.696562,-27.256758
BORR,Borr Drilling Ltd,Oil & Gas Drilling,5.8252425,1.3953488,-3.1111112,3.3175356,-7.2340426,8.188585
BOW,Bowhead Specialty Holdings Inc,Insurance - Property & Casualty,0,0.23781213,0.80717486,23.607038,55.60683,18.149965
BOX,Box Inc,Software - Infrastructure,-0.17211704,0.8988112,7.7733045,40.09662,41.348495,16.349047
BP,BP plc ADR,Oil & Gas Integrated,2.242543,2.8021016,9.5915985,20.102303,4.8682446,35.21451
BPOP,Popular Inc,Banks - Regional,-0.47078705,0.030330604,-6.7887626,3.5543833,26.379522,32.428524
BR,Broadridge Financial Solutions Inc,Information Technology Services,-2.3739893,1.2790006,1.4358913,23.728197,-2.357192,-23.712864
BRAI,Braiin Ltd,Computer Hardware,-1.981982,-3.716814,-0.36630037,-36.374268,-32.922318,0
BRBR,Bellring Brands Inc,Packaged Foods,-0.54347825,-2.969247,-10.117878,-3.2769556,-46.864113,-65.7688
BRC,Brady Corp,Security & Protection Services,-1.2378528,-2.3561707,-9.43136,0.07033173,5.551434,8.93199
BRKR,Bruker Corp,Medical Devices,5.867831,2.4251332,-3.3292873,-2.5860562,67.16642,18.340055
BRO,Brown & Brown Inc,Insurance Brokers,-1.6098347,1.0521569,-2.3671217,13.756345,0.26845637,-15.6461735
BROS,Dutch Bros Inc,Restaurants,-4.6992054,-6.6281137,-16.73939,-40.63914,-16.04,-31.427637
BRSL,Brightstar Lottery PLC,Gambling,-1.0289991,-4.8561153,-8.556612,-6.454465,-17.279125,-31.653748
BRUN,Boost Run Inc,Software - Infrastructure,-6.863418,-21.831797,-40.03535,-63.024525,0,0
BRVE,Braveheart Bio Inc,Biotechnology,-1.1472983,-7.6098237,-3.4345624,0,0,0
BRX,Brixmor Property Group Inc,REIT - Retail,-0.73503673,-1.8685122,-4.704301,-8.249758,-1.2190875,8.161709
BRZE,Braze Inc,Software - Application,-0.703125,7.1443624,-9.051878,26.719841,38.67976,-25.8676
BSAC,Banco Santander Chile SA ADR,Banks - Regional,0.02877698,-1.5018419,0.5496095,6.495098,11.912428,11.732562
BSBR,Banco Santander (Brasil) SA ADR,Banks - Regional,-1.5126051,-0.50933784,2.6269703,12.692307,5.776173,-4.091653
BSM,Black Stone Minerals LP,Oil & Gas E&P,1.8120805,1.8120805,4.1895604,8.2798,-0.7848267,14.145974
BSP,Bending Spoons S.p.A,Software - Application,-4.0194883,4.370861,2.3376622,0,0,0
BST,BlackRock Science and Technology Trust,Closed-End Fund - Equity,-5.858987,-5.7466693,-5.3514376,-1.25,27.38511,16.921558
BSTZ,BlackRock Science and Technology Term Trust,Closed-End Fund - Equity,-8.639948,-11.68625,-12.29896,-10.550016,29.831932,22.998672
BSX,Boston Scientific Corp,Medical Devices,-2.6193118,-2.4243772,-14.699592,-3.13535,-36.859528,-53.990562
BSY,Bentley Systems Inc,Software - Application,0.56782335,-0.40612307,-8.232585,8.50919,-15.772787,-16.467968
BTDR,Bitdeer Technologies Group,Software - Application,-6.432247,-11.516626,16.187433,-39.15226,34.525276,-2.676182
BTE,Baytex Energy Corp,Oil & Gas E&P,2.7833002,3.6072145,13.626373,29.899498,25.790754,60.06192
BTG,B2gold Corp,Gold,0,-5.776173,0.3846154,21.39535,33.163265,15.742794
BTGO,BitGo Holdings Inc,Capital Markets,-7.994924,-3.4620507,30.63063,21.440536,-24.94824,0
BTI,British American Tobacco Plc ADR,Tobacco,-1.3440391,4.030922,1.4175489,-4.057036,-1.4816107,-0.17661604
BTO,John Hancock Financial Opportunities Fund,Closed-End Fund - Equity,-1.9517206,-3.170175,-6.923452,2.717245,14.242969,8.836945
BTSG,BrightSpring Health Services Inc,Health Information Services,-2.4212272,-5.081465,-2.5505135,-11.184906,42.78088,57.116154
BTT,BlackRock Municipal 2030 Target Term Trust,Closed-End Fund - Debt,-0.76404494,-1.5165031,-2.1710234,-2.6025584,-2.3440955,-3.2427695
BTU,Peabody Energy Corp,Thermal Coal,-2.522852,-9.196185,2.8946352,7.5,-28.544626,-10.23569
BTZ,BlackRock Credit Allocation Income Trust,Closed-End Fund - Debt,-0.72388834,-2.9322548,-5.882353,-5.0445104,-2.1406727,-11.357341
BUD,Anheuser-Busch InBev SA/NV ADR,Beverages - Brewers,-0.4510148,1.8979225,2.9274611,-1.5853356,17.753408,24.078701
BULL,Webull Corp,Software - Application,-4.20354,-8.067941,6.127451,22.316383,68.81091,11.454311
BUR,Burford Capital Limited,Asset Management,-4.783599,-6.696429,-2.1077282,-7.7262692,-45.714287,-53.139015
BURL,Burlington Stores Inc,Apparel Retail,-2.1357217,-4.9753323,-32.527832,-32.547855,-26.773632,-21.315561
BUSE,First Busey Corp,Banks - Regional,0.032754667,1.0923536,-1.7374518,8.182784,24.65306,28.373266
BV,BrightView Holdings Inc,Specialty Business Services,-3.1111112,-3.6251106,-3.9647577,-16.475096,-4.385965,-13.970008
BVN,Compania de Minas Buenaventura SA ADR,Other Precious Metals & Mining,0.12048193,-6.0751624,-2.1201413,2.0257826,9.739188,19.439453
BVS,Bioventus Inc,Medical Devices,-1.2158055,-4.622157,-6.340058,49.25373,50.462963,74.731186
BW,Babcock & Wilcox Enterprises Inc,Specialty Industrial Machinery,-0.71123755,-6.0565276,-29.637096,-59.838894,-54.018444,10.094637
BWA,BorgWarner Inc,Auto Parts,-2.2830336,-4.2445602,-10.600859,-13.015034,19.643883,38.68176
BWIN,Baldwin Insurance Group Inc,Insurance Brokers,1.53125,15.090329,5.5898604,60.523716,50.138634,35.205994
BWLP,BW LPG Limited,Oil & Gas Midstream,2.8275588,5.5169597,11.774892,42.651936,63.314358,97.099236
BWXT,BWX Technologies Inc,Aerospace & Defense,-1.2320744,-6.3875947,-14.480588,-28.578384,-26.558197,-15.123814
BX,Blackstone Inc,Asset Management,-1.2393795,-1.8362129,-9.86697,2.3507552,14.733315,-17.801998
BXDC,Blackstone Digital Infrastructure Trust Inc,REIT - Specialty,-0.7172131,-3.7735848,-4.6728973,-12.466125,0,0
BXMT,Blackstone Mortgage Trust Inc,REIT - Mortgage,0.9870919,-4.109589,-6.601124,-26.478718,-27.003294,-30.475693
BXP,BXP Inc,REIT - Office,-1.0232558,-0.6999533,-4.2735043,-1.3292117,22.580645,-5.394191
BXSL,Blackstone Secured Lending Fund,Asset Management,0.5679513,1.5151515,2.3957043,4.9978824,4.3350167,-5.8488417
BY,Byline Bancorp Inc,Banks - Regional,-0.65053344,0.6325778,-2.4776502,8.620199,26.173166,30.977701
BYD,Boyd Gaming Corp,Resorts & Casinos,-1.3869087,0.8884763,-8.082639,-10.155881,-6.143597,-10.746129
BZ,Kanzhun Ltd ADR,Internet Content & Information,-2.686084,-6.4405723,-3.311897,9.744526,10.308144,-26.226692
BZH,Beazer Homes USA Inc,Residential Construction,0.36111948,0.30075186,0.54265904,23.290203,78.82037,64.52886
C,Citigroup Inc,Banks - Diversified,-0.0073432224,-1.1828737,-1.6894087,-4.816161,24.333454,16.693804
CAAP,Corporacion America Airports SA,Airports & Air Services,-1.7262639,-2.248569,-0.41649312,-13.180828,-1.6049383,-8.038462
CAC,Camden National Corp,Banks - Regional,0.10291595,2.0636587,-0.034258306,13.342397,28.94388,34.532043
CACC,Credit Acceptance Corp,Credit Services,-0.8672525,0.5226218,4.714792,3.5154295,39.17853,35.324493
CACI,Caci International Inc,Information Technology Services,-0.1192793,4.8694077,-1.9927927,36.44355,4.950691,19.442204
CADL,Candel Therapeutics Inc,Biotechnology,4.168618,-8.627773,-8.552631,33.814682,123.742455,96.814156
CAE,Cae Inc,Aerospace & Defense,-2.5082238,-1.4546965,-12.638172,-5.4248104,-8.66718,-22.057858
CAG,Conagra Brands Inc,Packaged Foods,1.5551049,-0.595632,-3.3462033,13.787879,-0.92348284,-13.229347
CAH,Cardinal Health Inc,Medical Distribution,-0.9536379,-3.0625,-1.2772639,4.9059834,11.942453,13.2116785
CAI,Caris Life Sciences Inc,Biotechnology,9.40499,18.601748,31.761442,54.304276,54.80717,5.633803
CAKE,Cheesecake Factory Inc,Restaurants,-8.025103,-6.6402855,-11.313835,25.31416,69.25634,91.620445
CALM,Cal-Maine Foods Inc,Farm Products,-0.83977604,1.5840503,-7.515385,-4.296925,-5.0542436,-6.509991
CALX,Calix Inc,Software - Infrastructure,2.1582735,3.0778165,-10.172065,-6.455863,-29.437487,-32.930286
CALY,Callaway Golf Co,Leisure,-1.1140236,-1.9493177,-9.1511135,-17.178925,14.840182,0
CAMT,Camtek Ltd,Semiconductor Equipment & Materials,0.61267185,-9.417462,-21.61816,-31.000204,-18.855078,26.625605
CAPL,CrossAmerica Partners LP,Oil & Gas Refining & Marketing,-1.0213144,-3.9224138,-7.3950977,1.226158,1.042611,8.203883
CAR,Avis Budget Group Inc,Rental & Leasing Services,-0.1432182,-10.631079,-16.114649,-37.096004,18.64865,-7.629364
CARG,CarGurus Inc,Internet Content & Information,0.2004008,7.7586207,-2.1526418,16.588942,4.1666665,-8.7353325
CARR,Carrier Global Corp,Building Products & Equipment,-3.003842,-4.1587577,-11.221228,-22.657011,-4.3568106,5.1097655
CART,Maplebear Inc,Internet Retail,-5.3961196,0.364494,-4.195661,5.072952,26.753317,4.068475
CASH,Pathward Financial Inc,Banks - Regional,0.81238896,0.4045512,-6.991451,-3.2053626,-11.083744,11.859155
CASY,Casey's General Stores Inc,Specialty Retail,-5.5452776,-6.6594596,-32.51342,-30.289106,-10.989494,6.2293067
CAT,Caterpillar Inc,Farm & Heavy Construction Machinery,-0.05867347,-3.9261367,-11.127998,-20.518959,15.077547,36.774487
CATY,Cathay General Bancorp,Banks - Regional,0.04806152,1.8095859,-3.0279503,5.686241,30.56659,29.05559
CAVA,Cava Group Inc,Restaurants,-8.926945,-11.537781,-29.611378,-43.94483,-40.678772,-14.823649
CB,Chubb Limited,Insurance - Property & Casualty,0.0029252595,1.2558497,0.29337558,5.7081013,5.976812,9.528386
CBC,Central Bancompany Inc,Banks - Regional,-1.6912669,-0.24960998,-1.7818741,13.248318,36.56557,32.545605
CBL,CBL& Associates Properties Inc,REIT - Retail,-2.14955,-3.6192544,-6.4629436,12.362869,43.36474,43.945946
CBLL,Ceribell Inc,Medical Devices,2.918208,2.5809095,2.6229508,38.879646,35.351353,14.181486
CBOE,Cboe Global Markets Inc,Financial Data & Stock Exchanges,-4.9420037,-7.34231,-8.325424,8.56684,-4.7578797,7.74502
CBRE,CBRE Group Inc,Real Estate Services,-0.56068134,0.30784652,-5.305488,6.5070314,6.1519814,-12.861496
CBRL,Cracker Barrel Old Country Store Inc,Restaurants,-10.6471405,-11.721576,-23.526423,-4.626109,64.7209,77.755905
CBRS,Cerebras Systems Inc,Semiconductors,1.5562055,-6.202854,-26.966427,-21.592604,0,0
CBSH,Commerce Bancshares Inc,Banks - Regional,-0.23870417,0.723016,-2.0097136,6.9066324,22.713926,11.788307
CBT,Cabot Corp,Specialty Chemicals,-1.9316493,-0.18903592,-8.333333,-13.725491,16.77971,19.49306
CBU,Community Financial System Inc,Banks - Regional,-0.9946321,0.4806922,-3.5379171,0.5935194,11.405223,9.174791
CBZ,Cbiz Inc,Specialty Business Services,0.14652015,0.12818165,0.018291568,75.81994,102.368614,8.38454
CC,Chemours Company,Specialty Chemicals,0.68587106,-2.393617,-6.615776,-32.567753,-17.062147,24.512299
CCBG,Capital City Bank Group Inc,Banks - Regional,-0.019766752,0.11876485,-2.67462,6.5290647,20.77364,18.816067
CCC,CCC Intelligent Solutions Holdings Inc,Software - Application,-2.366864,-2.7982328,-1.3452915,49.659863,6.2801933,-16.981133
CCEC,Capital Clean Energy Carriers Corp,Marine Shipping,0.54225034,-1.5486726,-1.9391803,11.083375,12.260344,6.6123624
CCEP,Coca-Cola Europacific Partners Plc,Beverages - Non-Alcoholic,-1.5859368,-0.7801965,-2.4249313,6.2725677,12.431784,13.572216
CCI,Crown Castle Inc,REIT - Specialty,-1.2403936,-2.567172,-1.5986029,-10.725167,-11.061194,-17.576235
CCJ,Cameco Corp,Uranium,-2.1981556,-9.162434,-7.4761615,-14.348765,-10.182177,-0.30604437
CCK,Crown Holdings Inc,Packaging & Containers,-0.03559669,0.4830486,-3.3637302,10.626354,14.110118,9.090026
CCL,Carnival Corp Ltd,Travel Services,-1.9946809,-2.599119,-20.26686,-28.377066,-8.333333,-27.603144
CCNE,CNB Financial Corp (PA),Banks - Regional,0.057770073,1.4348463,-0.6025825,7.711443,26.193079,32.365303
CCO,Clear Channel Outdoor Holdings Inc,Advertising Agencies,0,0,2.586207,-1.2448133,-0.41841003,7.6923075
CCS,Century Communities Inc,Real Estate - Development,0.75595725,-1.5100402,-12.713553,-3.0671937,10.150916,3.302443
CCU,Compania Cervecerias Unidas SA ADR,Beverages - Brewers,-1.6521739,-5.4347825,-3.0017152,0.26595744,0.98214287,-11.363636
CDE,Coeur Mining Inc,Gold,0.15090543,-5.1904764,3.1071982,13.706453,12.676853,11.665732
CDLR,Cadeler AS ADR,Engineering & Construction,-2.0270271,-4.420318,5.431993,13.699262,6.663782,32.59817
CDNA,Caredx Inc,Diagnostics & Research,0.51556236,5.21687,13.497197,101.06952,206.93878,179.40552
CDNL,Cardinal Infrastructure Group Inc,Engineering & Construction,0.50685745,-2.4877062,-14.070864,-58.587223,2.0587344,39.41274
CDNS,Cadence Design Systems Inc,Software - Application,-1.827564,-3.7385805,-15.305902,-29.28057,-3.5012329,-12.355237
CDP,COPT Defense Properties,REIT - Office,-0.9163803,-1.508682,-6.0038033,3.221957,10.897436,24.460432
CDRE,Cadre Holdings Inc,Aerospace & Defense,-3.4241788,-5.0824175,-16.996998,-2.159292,-12.448527,-32.321255
CDW,CDW Corp,Information Technology Services,1.3447593,7.986233,13.628973,19.763184,27.829052,12.87812
CE,Celanese Corp,Chemicals,5.448861,6.231721,4.956657,-7.701329,-17.085163,11.684011
CECO,Ceco Environmental Corp,Pollution & Treatment Controls,-4.5422387,-13.844189,-19.83363,-31.443089,22.033285,12.715121
CEF,Sprott Physical Gold and Silver Trust,Asset Management,0.18480018,-3.5579276,-3.7719104,0.18480018,-2.1435018,-5.305677
CEG,Constellation Energy Corp,Utilities - Independent Power Producers,-1.768908,-11.573467,-6.581596,-5.1704006,-7.8371572,-26.43304
CELC,Celcuity Inc,Biotechnology,-0.99365497,-8.192718,-10.536564,-5.7657247,-22.010563,-17.08442
CELH,Celsius Holdings Inc,Beverages - Non-Alcoholic,-2.8822496,-0.03617945,-7.7308397,-10.292208,-33.437725,-39.593353
CENT,Central Garden & Pet Co,Packaged Foods,-0.0997009,0.9063444,-7.5432525,-7.17925,13.895993,24.66563
CENTA,Central Garden & Pet Co,Packaged Foods,0,0.7862551,-8.049947,-8.390683,11.071887,18.568003
CENX,Century Aluminum Co,Aluminum,-4.405392,-16.733068,-15.725806,-23.206343,-18.909536,1.352731
CEPU,Central Puerto ADR,Utilities - Regulated Electric,-1.2142857,-2.2614841,5.9770117,-11.742183,-8.712872,-20.971428
CERT,Certara Inc,Health Information Services,5,10.091743,5,51.62455,36.585365,-4.6538024
CET,Central Securities Corp,Closed-End Fund - Equity,-0.39355993,0.1438849,1.420765,5.775076,12.80389,9.800828
CEVA,Ceva Inc,Semiconductors,0.46796256,-0.6761566,-14.674412,-43.865646,50.296177,29.693308
CF,CF Industries Holdings Inc,Agricultural Inputs,3.2764401,-1.8608356,15.07896,31.681725,8.518815,75.25214
CFFN,Capitol Federal Financial,Banks - Regional,-0.44893378,1.1402508,1.7201835,9.777227,26.714285,30.249634
CFG,Citizens Financial Group Inc,Banks - Regional,-0.4252906,1.2541444,-5.4770555,4.710793,23.184847,20.253382
CFR,Cullen Frost Bankers Inc,Banks - Regional,-0.75280005,0.17296763,-3.516392,11.327749,22.616257,28.058123
CG,Carlyle Group Inc,Asset Management,-0.95648015,-6.0983906,-14.668315,-7.544643,-12.115425,-29.927254
CGAU,Centerra Gold Inc,Gold,1.3774104,-5.2360516,0.729927,33.252865,39.658443,53.653446
CGBD,Carlyle Secured Lending Inc,Asset Management,0.7915567,0.21862702,1.776199,4.657534,4.4667273,-8.246597
CGEM,Cullinan Therapeutics Inc,Biotechnology,0.6862745,-3.613327,-0.24283633,36.660015,61.22449,98.45411
CGNX,Cognex Corp,Scientific & Technical Instruments,-1.2520868,-4.3963146,-11.186186,-10.514372,20.125914,64.39689
CGON,Cg Oncology Inc,Biotechnology,-1.6804445,0.8198999,-5.91363,18.77865,11.478181,74.73507
CHA,Chagee Holdings Ltd ADR,Restaurants,-2.3980815,-1.9277109,20.295567,4.806867,15.406427,4.9871025
CHCO,City Holding Co,Banks - Regional,0.0827358,0.8265611,-0.36378613,14.191316,24.078981,21.778524
CHD,Church & Dwight Co Inc,Household & Personal Products,-0.074011415,-0.7143608,-3.5415392,-1.1711806,-0.190094,12.713179
CHDN,Churchill Downs Inc,Gambling,-3.5885167,-4.195887,-10.144928,-8.689249,-3.7382061,-29.16154
CHE,Chemed Corp,Medical Care Facilities,-1.5205429,-2.3333397,-3.5258486,16.090952,33.99032,18.372831
CHEF,Chefs' Warehouse Inc,Food Distribution,-5.654023,-2.5894408,-3.7171023,11.593291,83.425224,70.800575
CHH,Choice Hotels International Inc,Lodging,0.91153926,-2.1985745,-7.157152,-15.286957,-0.21509781,2.2674785
CHI,Calamos Convertible Opportunities and Income Fund,Closed-End Fund - Debt,-1.9720625,-4.483587,-10.030166,-9.826153,8.061594,13.835877
CHKP,Check Point Software Technologies Ltd,Software - Infrastructure,-0.50904363,2.021324,8.48752,12.637946,-9.781968,-25.743694
CHRD,Chord Energy Corp,Oil & Gas E&P,3.8222458,5.0237474,9.882419,27.517868,19.020544,69.36354
CHRN,ChronoScale Holdings Corp,Information Technology Services,-5.050505,-1.7601761,-19.513294,-23.446207,0,0
CHRW,C.H. Robinson Worldwide Inc,Integrated Freight & Logistics,0.20342,4.77235,8.875535,-14.813013,-6.661535,-1.9470017
CHT,Chunghwa Telecom ADR,Telecom Services,0.26519337,2.1386762,6.778065,0.110326566,8.670659,8.774874
CHTR,Charter Communications Inc,Telecom Services,-1.4998256,5.459706,-2.0124912,11.859304,-33.712032,-32.35928
CHWY,Chewy Inc,Internet Retail,-0.7494145,2.120482,-4.2476277,16.364635,-9.328198,-35.88502
CHY,Calamos Convertible and High Income Fund,Closed-End Fund - Debt,-1.6366612,-5.5031447,-10.565476,-10.764662,5.4385967,6.2776303
CHYM,Chime Financial Inc,Software - Application,-1.0597587,-2.7206945,6.8680444,90.96591,75.50914,33.531982
CI,Cigna Group,Healthcare Plans,-0.39648336,3.8573534,4.9286313,3.4482758,9.914777,4.966755
CIB,Grupo Cibest SA ADR,Banks - Regional,-1.1488609,0.6297481,4.2780194,23.5973,45.919697,58.26128
CIEN,CIENA Corp,Communication Equipment,4.595795,-1.0857989,-24.90004,-21.925646,-12.909948,42.955486
CIFR,Cipher Digital Inc,Information Technology Services,-3.485769,-10.710059,-18.432432,-48.2865,7.7087793,2.2357724
CIG,Cia Energetica DE Minas Gerais - Cemig ADR,Utilities - Regulated Electric,-2.3255813,-3.2258065,9.375,2.4390244,-7.079646,5
CIGI,Colliers International Group Inc,Real Estate Services,-3.5531914,-4.3973427,-12.346515,-0.7118607,-9.59314,-38.330727
CII,BlackRock Enhanced Large Cap Core Fund Inc,Closed-End Fund - Equity,-0.8706468,-1.4020618,-3.1199353,-2.3284314,13.049645,2.3106546
CIM,Chimera Investment Corp,REIT - Mortgage,-1.9855596,-5.5652175,-7.495741,-18.22289,-14.014252,-12.630733
CINF,Cincinnati Financial Corp,Insurance - Property & Casualty,-0.20346472,1.4538147,0.35660002,0.8636898,8.357003,5.1126623
CL,Colgate-Palmolive Co,Household & Personal Products,-1.0126294,-1.1700556,-3.558364,-2.771569,2.2086465,10.098709
CLBK,Columbia Financial Inc,Banks - Regional,1.1403508,0.43554008,-1.2842466,26.640673,47.391567,63.231213
CLBT,Cellebrite DI Ltd,Software - Infrastructure,-3.5989716,-1.5748031,7.7586207,-12.314887,-21.16328,-37.603992
CLDX,Celldex Therapeutics Inc,Biotechnology,-1.7100562,-0.6962352,-8.1345415,18.748074,24.627832,41.789394
CLF,Cleveland-Cliffs Inc,Steel,1.2017168,-2.4813895,-4.224208,-3.990228,50.767265,-11.219879
CLH,Clean Harbors Inc,Waste Management,-1.483018,0.79189104,-2.4076061,10.256411,15.340003,35.704536
CLM,Cornerstone Strategic Investment Fund Inc,Closed-End Fund - Equity,-2.3006134,-3.9215686,-8.213257,-14.839572,-11.772853,-23.803827
CLMT,Calumet Inc,Specialty Chemicals,1.7683465,3.3399174,19.027922,76.317406,105.24251,189.63261
CLOV,Clover Health Investments Corp,Healthcare Plans,-8.627451,7.373272,9.13349,-6.8,146.56085,98.297874
CLS,Celestica Inc,Electronic Components,0.23095419,-5.032974,-6.9300823,-14.96175,17.72947,7.1716113
CLSK,Cleanspark Inc,Capital Markets,-4.898267,-4.9698796,1.7741935,-26.798143,34.255318,24.703558
CLVT,Clarivate Plc,Information Technology Services,-0.5235602,-0.5235602,0.52910054,-6.8627453,-23.694778,-43.113773
CLX,Clorox Co,Household & Personal Products,-2.4073453,-2.744923,-17.727015,-9.018789,-17.889778,-13.557473
CLYM,Climb Bio Inc,Biotechnology,-4.464286,-7.574751,-20.240826,21.484716,127.65958,247.75
CM,Canadian Imperial Bank Of Commerce,Banks - Diversified,-0.7182272,-1.4004872,-8.18145,1.4862566,20.226984,25.096567
CMBT,CMB.Tech NV,Oil & Gas Midstream,0.72090626,1.0852714,12.6079445,35.64494,60.065468,102.6943
CMC,Commercial Metals Co,Metal Fabrication,0.30773965,-5.494346,-10.367111,-9.90879,8.325025,-5.8220167
CMCSA,Comcast Corp,Telecom Services,-1.8488746,-0.69133794,-4.497458,8.872046,-15.851137,-18.300434
CME,CME Group Inc,Financial Data & Stock Exchanges,-1.9147116,0.14197306,2.6915038,11.652732,-10.48744,0.73604804
CMG,Chipotle Mexican Grill,Restaurants,-5.9411287,-3.3305578,3.1694312,7.202216,4.3751874,-5.864865
CMI,Cummins Inc,Specialty Industrial Machinery,-0.5692109,-3.0175211,-16.086468,-24.94769,0.83967465,5.401117
CMP,Compass Minerals International Inc,Other Industrial Metals & Mining,-0.54031587,-6.632852,-7.1040373,-21.746239,11.302325,21.843178
CMPR,Cimpress plc,Specialty Business Services,-0.8912656,-2.2274325,-9.100818,-1.7088981,20.311598,25.24403
CMPS,Compass Pathways Plc ADR,Medical Care Facilities,-5.0206327,-8.965063,0.65597665,10.215483,155.26802,100.14493
CMRE,Costamare Inc,Marine Shipping,0.066093855,0.464499,0.79893476,-0.3291639,-9.719738,-4.1165295
CMS,CMS Energy Corp,Utilities - Regulated Electric,-1.3469021,-3.3005722,-7.67507,-10.166258,-11.42166,-5.734306
CNA,CNA Financial Corp,Insurance - Property & Casualty,0.6862134,2.1734543,-3.16,8.760108,6.7460318,1.4243821
CNC,Centene Corp,Healthcare Plans,-2.5212505,5.6197314,5.0458,10.881679,96.68604,64.422844
CNH,CNH Industrial NV,Farm & Heavy Construction Machinery,1.8181819,0.7194245,36.05442,33.843212,40.84507,51.84382
CNI,Canadian National Railway Co,Railroads,-0.26210174,-0.057452396,-3.8075678,7.3525524,23.737425,23.186646
CNK,Cinemark Holdings Inc,Entertainment,-2.5839794,-4.016973,-9.568231,0.5035545,28.376844,45.99828
CNL,Collective Mining Ltd,Gold,-3.2330828,-14.2,-12.030075,-6.8740954,-7.874016,-11.788897
CNM,Core & Main Inc,Industrial Distribution,0.66160256,-1.25,-9.395678,-15.438452,-13.333333,-20.954397
CNMD,Conmed Corp,Medical Devices,1.228978,0.04261666,-4.6700506,44.106815,30.63439,15.640394
CNO,CNO Financial Group Inc,Insurance - Life,0.3421574,1.6788322,1.660281,9.620303,40.211372,31.198494
CNOB,ConnectOne Bancorp Inc,Banks - Regional,0.09416196,0.94966763,-2.7150702,-1.7257318,22.890173,21.624714
CNP,Centerpoint Energy Inc,Utilities - Regulated Electric,-1.7335058,-4.5008802,-6.522274,-11.303129,-9.61447,-0.9389671
CNQ,Canadian Natural Resources Ltd,Oil & Gas E&P,2.4443562,0.38948393,4.6275625,25.578562,5.1611586,52.289513
CNR,Core Natural Resources Inc,Thermal Coal,-1.8587747,-4.890812,-1.4185877,13.090822,-11.813007,6.778895
CNS,Cohen & Steers Inc,Asset Management,-2.3883417,-6.2589087,-13.198944,-3.3920941,16.339659,15.227779
CNX,CNX Resources Corp,Oil & Gas E&P,-0.08469791,-3.726877,0.14148274,8.325681,-12.574111,-3.7530596
CNXC,Concentrix Corp,Information Technology Services,-0.20498805,7.9054303,25.2036,16.467304,-7.32868,-29.74988
CNXN,PC Connection Inc,Electronics & Computer Distribution,-0.64139944,2.985616,8.465945,20.73119,51.439743,47.506924
COAG,Hemab Therapeutics Holdings Inc,Biotechnology,-0.8895478,-9.865169,-25.153946,37.175102,0,0
COCO,Vita Coco Company Inc,Beverages - Non-Alcoholic,1.362893,8.331715,-14.839695,-33.611046,5.484115,5.225429
CODI,Compass Diversified Holdings,Conglomerates,-1.856764,-1.0695187,-8.264462,9.792285,98.92473,131.25
COF,Capital One Financial Corp,Credit Services,0.082252756,-1.9017358,-6.5929103,2.6398056,13.992064,-14.651757
COGT,Cogent Biosciences Inc,Biotechnology,-2.0053875,-4.2129903,-13.546343,-5.211349,-1.9173157,-7.8265767
COHR,Coherent Corp,Scientific & Technical Instruments,1.7523452,-10.646501,-22.791983,-30.392485,6.9155855,46.91987
COHU,Cohu Inc,Semiconductor Equipment & Materials,0,-11.838391,-20.201214,-27.997118,69.27507,114.740005
COIN,Coinbase Global Inc,Financial Data & Stock Exchanges,-10.101854,-1.4938186,14.320824,5.420801,-12.855697,-23.892279
COKE,Coca-Cola Consolidated Inc,Beverages - Non-Alcoholic,-1.0165944,5.084118,6.669889,9.413903,-1.3998511,29.569471
COLB,Columbia Banking System Inc,Banks - Regional,0.13284624,1.038874,-6.7717996,-1.3093289,15.340474,7.8711987
COLD,Americold Realty Trust Inc,REIT - Industrial,0.06680027,9.583029,3.310345,6.467662,33.155556,16.485226
COLM,Columbia Sportswear Co,Apparel Manufacturing,-2.0461245,0.7670353,-1.0509721,-15.001505,2.2813687,2.541296
COMP,Compass Inc,Real Estate Services,-2.7230046,-2.9962547,-16.38418,3.4965036,33.333332,-1.986755
CON,Concentra Group Holdings Parent Inc,Medical Care Facilities,-0.5305781,4.2129903,0.25330707,24.719889,64.4506,80.99593
COO,Cooper Companies Inc,Medical Instruments & Supplies,-1.752121,-16.083805,-29.06791,-19.177666,-23.85649,-35.00488
COP,Conoco Phillips,Oil & Gas E&P,3.3291872,3.4351425,10.708686,31.07481,11.26694,50.85995
COR,Cencora Inc,Medical Distribution,-0.90120465,-0.009278733,3.4461794,18.93095,-1.1073384,-4.2812734
CORT,Corcept Therapeutics Inc,Biotechnology,-0.8765653,-4.2178044,-5.419476,38.681015,219.91917,218.44827
CORZ,Core Scientific Inc,Software - Infrastructure,-5.424528,-11.332228,-20.317934,-44.99314,1.4547755,10.164835
COST,Costco Wholesale Corp,Discount Stores,-1.9109597,-0.13848881,-5.4693236,-5.265647,-7.2999907,4.523738
COTY,Coty Inc,Household & Personal Products,-2.5735295,-1.4869889,-0.7490637,35.897434,23.831776,-13.961039
COUR,Coursera Inc,Education & Training Services,-2.583026,-0.3773585,-4.693141,-1.3084112,-9.589041,-28.26087
CP,Canadian Pacific Kansas City Limited,Railroads,-0.8354684,-1.1657599,-5.217206,3.4755318,13.778118,20.901806
CPA,Copa Holdings SA,Airlines,-1.3569691,-3.1945193,-6.001943,-16.737288,15.397321,4.269961
CPAC,Cementos Pacasmayo SAA ADR,Building Materials,0.71884984,1.0416666,6.8644066,-0.70866144,33.43915,21.017275
CPAY,Corpay Inc,Software - Infrastructure,-1.165891,0.40877637,0.03189245,18.092562,41.84582,35.496628
CPB,Campbells Co,Packaged Foods,0.5176471,-2.3765996,-5.820106,0.9929078,1.3763645,-23.35845
CPF,Central Pacific Financial Corp,Banks - Regional,-0.6608512,0.5350455,-2.1354167,4.8256626,23.17273,20.603338
CPK,Chesapeake Utilities Corp,Utilities - Regulated Gas,-0.43326885,-1.5001913,-4.3552585,6.708126,4.160259,3.150048
CPNG,Coupang Inc,Internet Retail,-2.8457975,-0.5420054,-6.615776,-18.444445,-22.039299,-37.77024
CPRI,Capri Holdings Ltd,Luxury Goods,-0.77683616,10.54288,-4.226312,-30.856298,-22.33278,-42.418034
CPRT,Copart Inc,Specialty Business Services,-2.1745982,-3.0908523,-2.0820189,2.6794574,-5.5386486,-20.715199
CPT,Camden Property Trust,REIT - Residential,-0.9534817,-1.2198637,-5.006466,-5.6427197,5.628595,-6.577035
CQP,Cheniere Energy Partners LP,Oil & Gas Midstream,0.09146342,-6.0792446,-2.9129086,13.109388,-2.043861,22.77487
CR,Crane Co,Specialty Industrial Machinery,-1.9071518,-3.012108,-10.586029,-9.050721,16.387781,5.975167
CRAI,CRA International Inc,Consulting Services,-0.5964574,-0.320203,0.4750015,18.954578,4.1472034,-17.790678
CRBG,Corebridge Financial Inc,Asset Management,0.6321839,3.5481963,5.5455093,20.013708,51.078514,16.075571
CRC,California Resources Corp,Oil & Gas E&P,3.3160064,1.6578484,7.6779375,4.231465,-9.3140335,28.919704
CRCL,Circle Internet Group Inc,Capital Markets,-11.414494,-7.194322,15.699156,7.5657487,-31.52424,8.827238
CRCT,Cricut Inc,Computer Hardware,0,4.051565,2.540835,26.681614,38.480392,14.141414
CRDO,Credo Technology Group Holding Ltd,Semiconductors,0.19988008,-10.439495,-46.824837,-44.67498,45.444874,4.5173397
CRESY,Cresud ADR,Conglomerates,-1.8151815,-0.16778524,12.476371,2.058319,0.5067568,-5.779889
CRF,Cornerstone Total Return Fund,Closed-End Fund - Equity,-2.9968455,-3.3018868,-7.6576576,-13.865546,-11.255411,-23.220974
CRGY,Crescent Energy Co,Oil & Gas E&P,5.3461275,7.9353933,21.118992,47.22222,21.31018,83.19428
CRH,CRH Plc,Building Materials,-1.449764,-1.8578624,-8.7038,-21.170443,-12.720215,-29.735577
CRI,Carters Inc,Apparel Retail,-4.4262295,-9.1050825,-22.92438,-31.476257,-14.840783,-10.114092
CRK,Comstock Resources Inc,Oil & Gas E&P,0.06993007,-3.9597316,5.608856,9.236641,-34.024895,-38.265747
CRL,Charles River Laboratories International Inc,Diagnostics & Research,-0.08421515,-1.9651518,-4.8004465,47.5027,77.65625,36.79567
CRM,Salesforce Inc,Software - Application,-1.4570404,4.7059307,33.869194,68.43458,30.84758,-3.4955268
CRML,Critical Metals Corp,Other Industrial Metals & Mining,-1.7027863,-10.183875,-3.3485541,-37.438423,-17.746115,-8.501441
CRON,Cronos Group Inc,Drug Manufacturers - Specialty & Generic,-1.0819166,1.4263074,1.5873016,18.08118,33.891212,21.673004
CROX,Crocs Inc,Footwear & Accessories,-0.008969414,0.3510667,-14.22636,-10.85166,47.110054,30.355473
CRS,Carpenter Technology Corp,Metal Fabrication,-1.2036729,-9.407787,-23.42638,-29.183079,14.602649,31.914623
CRSP,CRISPR Therapeutics AG,Biotechnology,-2.1336858,-3.03087,-4.5136333,-4.1782217,12.0891,-1.1632341
CRSR,Corsair Gaming Inc,Computer Hardware,2.532617,8.353609,9.150327,49.273743,156.92308,124.915825
CRTO,Criteo S.A,Advertising Agencies,-1.3279445,-2.0068808,-4.096521,-2.0068808,0.5294118,-17.079088
CRUS,Cirrus Logic Inc,Semiconductors,5.045556,10.377529,1.9521148,-26.063282,-10.185934,3.1308017
CRVL,Corvel Corp,Insurance Brokers,-0.7342754,7.8416615,7.148198,22.426313,33.95027,5.8814836
CRVS,Corvus Pharmaceuticals Inc,Biotechnology,-1.2204424,-2.8507128,-13.14554,8.732158,-2.8507128,68.181816
CRWD,Crowdstrike Holdings Inc,Software - Infrastructure,3.0206475,16.693937,13.366059,41.628944,137.15984,106.92039
CRWV,CoreWeave Inc,Software - Infrastructure,-2.4825258,-14.767221,-23.660378,-31.394659,-0.67509514,13.0009775
CSAN,Cosan S.A ADR,Oil & Gas Refining & Marketing,-1.8315018,-7.266436,6.3492064,0.7518797,-30.927835,-32.151897
CSCO,Cisco Systems Inc,Communication Equipment,0.009085953,0.58484876,-2.506643,-7.9220343,41.75145,42.89238
CSGP,Costar Group Inc,Real Estate Services,0.12690355,6.6937118,0.6698565,4.7808766,-26.433567,-53.063652
CSIQ,Canadian Solar Inc,Solar,-5.4826255,-9.063893,-17.241379,-24.769514,-14.165498,-48.50652
CSL,Carlisle Companies Inc,Building Products & Equipment,-1.1191754,-3.9344652,-10.1053505,-10.170102,-0.9984123,1.3724755
CSQ,Calamos Strategic Total Return Fund,Closed-End Fund - Debt,-0.73421437,-2.733813,-2.9665072,-1.1695906,16.753023,5.625
CSQR,Csquare Inc,Information Technology Services,3.6395147,-0.111358576,-20.443459,0,0,0
CSR,Centerspace,REIT - Residential,-1.2794268,0.88912135,5.9114203,3.9892182,1.4373357,-13.264388
CSTL,Castle Biosciences Inc,Diagnostics & Research,6.160287,9.873104,18.530886,68.08712,42,-8.74036
CSTM,Constellium SE,Aluminum,1.107157,-5.992647,-14.53877,-24.794117,14.2537985,35.649868
CSW,CSW Industrials Inc,Specialty Industrial Machinery,-1.2315356,-2.3113,-15.520411,3.4221618,11.796733,-1.3661295
CSWC,Capital Southwest Corp,Asset Management,-1.1594203,-1.2820513,-3.125,3.872933,10.355987,7.765237
CSX,CSX Corp,Railroads,-0.5111429,0.5995452,-3.7959669,6.640368,27.482315,34.23448
CTAS,Cintas Corp,Specialty Business Services,-0.93118215,-0.544891,0.57122636,16.447176,10.934538,5.78508
CTBI,Community Trust Bancorp Inc,Banks - Regional,-0.6166495,1.2167997,-1.4271152,13.182151,32.036182,36.920353
CTO,CTO Realty Growth Inc,REIT - Diversified,-0.52732503,-3.037383,-5.294386,0.7281553,13.1406765,12.710484
CTOS,Custom Truck One Source Inc,Rental & Leasing Services,2.4971623,-2.3783784,-13.918017,-19.875776,48.519737,56.770832
CTRE,CareTrust REIT Inc,REIT - Healthcare Facilities,0.8134348,-1.5881147,-2.1395822,3.6697247,6.426593,6.25
CTRI,Centuri Holdings Inc,Utilities - Regulated Gas,-2.554931,-5.406746,-20.242577,-35.942223,-34.512363,-24.475248
CTS,CTS Corp,Electronic Components,-0.33321643,1.2290702,-10.320341,-15.179105,23.088585,32.563564
CTSH,Cognizant Technology Solutions Corp,Information Technology Services,-1.2792512,8.728522,11.782371,44.805492,1.949412,-23.759037
CTVA,Corteva Inc,Agricultural Inputs,1.0298038,-1.6047198,9.709249,6.1076474,7.8365445,24.406982
CUBE,CubeSmart,REIT - Industrial,0.5287009,2.6742094,-2.9411764,-1.6986706,8.830744,10.76283
CUBI,Customers Bancorp Inc,Banks - Regional,-0.10138132,0.85721594,-3.9946413,4.011083,19.02461,7.809081
CURB,Curbline Properties Corp,REIT - Retail,0.5502063,-0.23882633,-2.5008335,-2.0763564,14.666667,25.98018
CUZ,Cousins Properties Inc,REIT - Office,-0.035778176,0.14336918,-4.249486,-1.2022631,27.871853,8.378588
CVBF,CVB Financial Corp,Banks - Regional,0.7032967,3.759058,-1.036717,10.091302,23.172043,23.172043
CVCO,Cavco Industries Inc,Residential Construction,0.07467284,-0.5029882,-10.652021,-10.879287,16.496435,-9.254495
CVE,Cenovus Energy Inc,Oil & Gas Integrated,1.9537121,1.3747759,5.5711174,34.81717,35.35515,100.47282
CVI,CVR Energy Inc,Oil & Gas Refining & Marketing,7.279457,9.302325,43.24547,90.40146,54.257835,105.070755
CVLG,Covenant Logistics Group Inc,Trucking,0.30606568,1.4635519,1.721219,-15.43514,42.49012,63.566242
CVLT,Commvault Systems Inc,Software - Application,2.2038372,8.840954,-0.70676273,10.205338,80.455864,14.310785
CVNA,Carvana Co,Auto & Truck Dealerships,-5.601806,-8.868002,-4.551291,0.5108173,18.920649,-20.738354
CVS,CVS Health Corp,Healthcare Plans,-1.1093668,-0.93310964,0.510584,-3.8954434,32.190823,19.06502
CVSA,Covista Inc,Education & Training Services,0.6295322,0.2938607,-4.5646915,6.0552616,18.583904,0
CVX,Chevron Corp,Oil & Gas Integrated,2.6393929,1.8521117,7.4346323,25.421875,7.951222,42.884327
CW,Curtiss-Wright Corp,Aerospace & Defense,2.111718,-0.44044292,-19.13888,-27.085358,-16.14148,2.100604
CWEN,Clearway Energy Inc,Utilities - Renewable,-1.188511,-6.672903,-12.357247,-20.016035,-20.058762,-10.012027
CWK,Cushman & Wakefield Ltd,Real Estate Services,-1.4173229,-4.9354596,-11.142654,-2.9457364,5.743243,-22.668314
CWST,Casella Waste Systems Inc,Waste Management,-0.67069817,-0.89951736,1.1532863,3.862957,16.252735,-7.759853
CWT,California Water Service Group,Utilities - Regulated Water,-0.8500933,-3.2571313,-3.7051954,5.79646,8.904577,10.362335
CX,Cemex SAB de CV ADR,Building Materials,-2.4880383,-6.082949,-8.280828,-19.952868,2.002002,-11.314186
CXM,Sprinklr Inc,Software - Application,-2.417962,6.2030077,-15.671641,12.103174,-3.9115646,-27.377892
CXT,Crane NXT Co,Business Equipment & Supplies,-4.5573177,-6.177225,-5.5434136,1.2998083,17.760714,0.99851286
CXW,CoreCivic Inc,Security & Protection Services,3.359626,2.9386094,5.3603334,22.422146,81.80884,85.13867
CYD,China Yuchai International,Auto Manufacturers,-3.5714285,-9.347301,-27.309929,-30.698153,-15.222306,-4.9295774
CYRX,CryoPort Inc,Integrated Freight & Logistics,2.1929824,7.7278733,6.462141,8.6608925,102.860695,69.895836
CYTK,Cytokinetics Inc,Biotechnology,-4.3340235,-6.4768586,-8.646369,-12.020818,12.333874,9.0808935
CZR,Caesars Entertainment Inc,Resorts & Casinos,-0.10107817,-0.06740816,-0.03371544,1.4715948,10.799701,26.763575
D,Dominion Energy Inc,Utilities - Regulated Electric,-0.9152963,-1.889401,-7.1252,-6.6364565,7.5614686,9.011777
DAC,Danaos Corp,Marine Shipping,0.84038925,3.1676257,9.098989,26.709011,42.873768,69.45211
DAKT,Daktronics Inc,Electronic Components,-0.9491904,-6.8766403,-11.033099,-14.547206,-12.003968,-10.268083
DAL,Delta Air Lines Inc,Airlines,-1.1403508,0.17777778,-9.932641,-6.284153,24.35372,13.674352
DAN,Dana Inc,Auto Parts,-0.4950495,-0.9852217,-3.8277512,3.3241947,-4.0114613,26.89394
DAR,Darling Ingredients Inc,Packaged Foods,2.495379,-1.4368242,-1.6698685,23.956781,20.674646,84.833336
DASH,DoorDash Inc,Internet Retail,-2.5940847,0.5145885,-6.7976685,14.297244,26.57048,-12.460261
DAVE,Dave Inc,Software - Application,2.4290557,3.5343697,9.734059,19.153097,78.56496,69.21774
DB,Deutsche Bank AG,Banks - Regional,-1.7272035,-4.8450565,1.4952781,9.696626,35.897434,0.33713692
DBD,Diebold Nixdorf Inc,Software - Application,-1.2,-3.3995187,-7.862267,-23.374298,-10.118964,-5.4058037
DBRG,DigitalBridge Group Inc,Asset Management,-0.31426775,-0.37688443,-0.31426775,0.57070386,3.3224757,3.3898306
DBX,Dropbox Inc,Software - Infrastructure,0.8576789,8.788668,12.732175,44.89796,50.39968,35.35971
DC,Dakota Gold Corp,Gold,-0.5145798,-2.5210085,-5.3833604,17.647058,27.753304,2.1126761
DCH,Dauch Corp,Auto Parts,-2.4,-9.226191,-10.294118,-3.3280506,14.018692,0
DCI,Donaldson Co Inc,Specialty Industrial Machinery,-0.9894234,-3.0620198,-8.048162,1.8007483,4.0765095,-1.804647
DCO,Ducommun Inc,Aerospace & Defense,1.106383,-0.03606203,-18.959217,1.3404826,37.944763,74.834435
DCOM,Dime Commercial Bancshares Inc,Banks - Regional,-0.19507438,1.3369646,0.1223092,4.948718,27.587282,36.025257
DD,DuPont de Nemours Inc,Specialty Chemicals,3.0171373,0.09380863,-10.505347,-10.542863,0.56550425,6.169154
DDOG,Datadog Inc,Software - Application,0.09563138,2.2195587,-6.893903,3.2600896,84.098175,69.32863
DDS,Dillard's Inc,Department Stores,-1.3887398,3.1539621,10.980196,15.944563,8.854484,6.100538
DE,Deere & Co,Farm & Heavy Construction Machinery,0.3785989,1.0085498,14.02187,16.08852,22.208921,46.925274
DEA,Easterly Government Properties Inc,REIT - Office,-0.5033557,-1.0842369,-3.3020792,2.417962,8.757451,11.939594
DEC,Diversified Energy Co,Oil & Gas Integrated,0.8736559,-0.464191,4.3085475,15.461538,-7.345679,3.660221
DECK,Deckers Outdoor Corp,Footwear & Accessories,-3.7621057,-3.390253,-13.98291,-28.961597,-22.821865,-25.233915
DEI,Douglas Emmett Inc,REIT - Office,-2.0813622,-3.9888682,-10.775862,-11.614005,11.290322,-5.823476
DELL,Dell Technologies Inc,Computer Hardware,1.7275586,1.5432041,13.276089,32.725273,244.71364,331.76834
DEO,Diageo plc ADR,Beverages - Wineries & Distilleries,-1.7877347,0.8130081,-5.4672184,7.893101,17.503723,0.6143503
DFH,Dream Finders Homes Inc,Residential Construction,-1.2598425,-2.9411764,-16.843502,-19.615385,-9.261939,-26.666666
DFIN,Donnelley Financial Solutions Inc,Software - Application,-1.1973575,-2.046664,0.29337803,22.279,2.969019,2.50589
DFTX,Definium Therapeutics Inc,Biotechnology,-8.521739,-3.079758,-18.647812,50.408497,100.108696,0
DG,Dollar General Corp,Discount Stores,-3.4605558,0.10435899,3.847435,9.916263,0.14455509,-6.0781803
DGICA,Donegal Group Inc,Insurance - Property & Casualty,0,2.368421,5.362947,11.206404,15.29342,-2.6526527
DGII,Digi International Inc,Communication Equipment,2.9182296,-0.45711797,-17.692585,-0.67332757,43.534214,58.45461
DGX,Quest Diagnostics Inc,Diagnostics & Research,3.86313,4.935021,4.908288,26.707693,26.538973,42.3846
DHC,Diversified Healthcare Trust,REIT - Healthcare Facilities,1.8229166,4.1278296,-5.6694813,-11.738149,16.542475,61.237114
DHI,D.R. Horton Inc,Residential Construction,0.5666738,0.91412944,-5.487394,-11.158989,5.3185096,-2.6591682
DHR,Danaher Corp,Diagnostics & Research,3.00615,2.201611,3.3213246,18.168991,10.567732,-8.54447
DHT,DHT Holdings Inc,Oil & Gas Midstream,-0.045146726,4.4339623,17.142857,17.20487,28.19919,81.32678
DINO,HF Sinclair Corp,Oil & Gas Refining & Marketing,4.9948554,3.800629,18.170334,74.031006,86.399864,143.59808
DIOD,Diodes Inc,Semiconductors,-0.044291884,0.22204952,-16.074749,-24.434958,39.413128,82.95501
DIS,Walt Disney Co,Entertainment,-1.9983424,2.1501248,2.821256,2.4352682,6.9440255,-6.4604025
DJCO,Daily Journal Corp,Software - Application,1.5670925,7.952904,15.385002,29.98261,46.15826,41.110565
DJT,Trump Media & Technology Group Corp,Internet Content & Information,-3.0508475,-1.4925373,5.9259257,1.0600706,0,-35.196373
DK,Delek US Holdings Inc,Oil & Gas Refining & Marketing,4.9281588,3.7991498,16.26246,88.42537,76.62749,163.45245
DKL,Delek Logistics Partners LP,Oil & Gas Refining & Marketing,0.35404497,0.052947406,5.4305377,12.457846,7.448825,27.05065
DKNG,DraftKings Inc,Gambling,-0.8450704,4.1420116,-2.6086957,-6.6313,4.0980144,-28.496807
DKS,Dicks Sporting Goods Inc,Specialty Retail,-5.3911448,-7.2285542,-36.95475,-46.89217,-34.887638,-37.505684
DLB,Dolby Laboratories Inc,Specialty Business Services,-2.5036342,-2.3932729,-1.6136919,15.344927,0.049726505,-6.0105886
DLO,DLocal Limited,Software - Infrastructure,-2.6280324,-1.4660757,3.8820992,12.978889,19.028008,2.192362
DLR,Digital Realty Trust Inc,REIT - Specialty,0.07256894,-5.18828,-9.418423,-4.719639,3.4448934,15.874863
DLTR,Dollar Tree Inc,Discount Stores,-5.3536963,-4.7301292,-12.930369,1.021048,6.4860272,-8.308268
DLX,Deluxe Corp,Conglomerates,-0.96679276,0.25531915,-2.9254224,2.7027028,-9.244992,5.508285
DMC,Del Monte Corp,Farm Products,-0.6026007,-4.6547003,3.024326,0,0,0
DMLP,Dorchester Minerals LP,Oil & Gas E&P,2.1498153,2.5286582,8.182141,21.64,10.301052,36.00179
DMRA,Damora Therapeutics Inc,Biotechnology,-12.821416,-5.786068,-20.392408,16.58031,36.43881,0
DNLI,Denali Therapeutics Inc,Biotechnology,-3.9585297,-5.5169215,-16.303902,-12.569713,1.0411502,23.44034
DNN,Denison Mines Corp,Uranium,-1.0380623,-14.626865,-10.344828,-14.626865,-14.114114,7.518797
DNOW,Dnow Inc,Industrial Distribution,2.9411764,-0.24783148,-0.30959752,19.25926,39.39394,21.509434
DNP,DNP Select Income Fund Inc,Closed-End Fund - Equity,-0.7797271,-4.5028143,-6.9469833,-4.770814,2.7245207,1.901902
DNTH,Dianthus Therapeutics Inc,Biotechnology,-2.7114866,-2.1207025,-8.784607,27.009335,34.73508,154.2344
DOC,Healthpeak Properties Inc,REIT - Healthcare Facilities,-1.0309278,-1.128004,-2.0408163,3.0674846,18.240469,25.373135
DOCN,DigitalOcean Holdings Inc,Software - Infrastructure,-1.963231,-11.170573,-12.884388,-31.984764,42.589233,144.90857
DOCS,Doximity Inc,Health Information Services,-2.1978023,6.6969824,5.2610116,26.148582,5.7353544,-41.711834
DOCU,DocuSign Inc,Software - Application,2.9959862,11.481769,20.11033,65.28641,52.127884,5.0438595
DOLE,Dole plc,Farm Products,0.1510574,-3.8433647,2.5522041,-5.285714,-6.9473686,-11.541027
DOO,BRP Inc,Recreational Vehicles,-2.9164608,-2.5954704,-7.6416645,-1.0080645,-4.3816943,-16.732616
DORM,Dorman Products Inc,Auto Parts,-1.1176935,-1.1176935,-6.368736,-0.37800413,22.754461,1.6194496
DOV,Dover Corp,Specialty Industrial Machinery,-0.09516257,-1.2799081,-8.475807,-15.476137,-9.743516,-3.211432
DOW,Dow Inc,Chemicals,3.287197,1.5306122,-4.7543077,-5.924992,-18.553888,27.673225
DOX,Amdocs Ltd,Software - Infrastructure,-1.377236,4.163183,8.820961,21.041384,-3.9025142,-22.618309
DPC,DPC Holdings PLC,Aerospace & Defense,0.25025025,-1.3057404,-22.15313,0,0,0
DPZ,Dominos Pizza Inc,Restaurants,-3.999753,-3.3098986,-7.334089,-0.5280507,-16.74836,-25.430641
DQ,Daqo New Energy Corp ADR,Solar,-2.1720243,-6.5560164,-20.926966,-20.592384,-45.708775,-61.83051
DRD,DRDGold Ltd ADR,Gold,-0.039077766,-9.000356,3.9414873,4.9651213,-2.1423106,-17.51048
DRH,Diamondrock Hospitality Co,REIT - Hotel & Motel,0.5681818,2.6512012,0.24271844,0.64987814,34.527687,38.28125
DRI,Darden Restaurants Inc,Restaurants,-4.323558,-0.14325279,-7.2638583,-2.028578,2.9894116,13.639822
DRS,Leonardo DRS Inc,Aerospace & Defense,2.6872737,2.260122,-18.687983,-19.976128,-15.8489275,8.169551
DRTS,Alpha Tau Medical Ltd,Biotechnology,3.2638888,4.204625,5.0883393,52.04499,110.32532,200.40404
DRVN,Driven Brands Holdings Inc,Auto & Truck Dealerships,0.40096232,-0.07980846,-1.8424147,-1.2618296,16.465117,-15.519568
DSGN,Design Therapeutics Inc,Biotechnology,-9.5784025,-18.608522,-19.039736,-1.7282958,18.5742,30.33049
DSGR,Distribution Solutions Group Inc,Industrial Distribution,0.057487782,0.17266187,-0.17206769,21.670744,33.576363,27.09018
DSGX,Descartes Systems Group Inc,Software - Application,-0.29992503,8.632897,6.4869194,18.491014,9.950386,-8.989277
DSL,Doubleline Income Solutions Fund,Closed-End Fund - Debt,-0.9661836,-2.56654,-4.916512,-5.0925927,-3.3018868,-9.050577
DSP,Viant Technology Inc,Software - Application,-2.4767802,-1.7160686,-0.07930214,12.099644,10.720562,4.6511626
DT,Dynatrace Inc,Software - Application,3.4308212,9.031621,15.879017,33.19652,44.99343,27.295801
DTE,DTE Energy Co,Utilities - Regulated Electric,-0.55669945,-4.1599293,-7.616011,-11.629168,-7.8900895,1.1009458
DTM,DT Midstream Inc,Oil & Gas Midstream,-1.6743966,-3.8585703,-7.3481483,-12.714584,-5.1921473,4.512032
DUK,Duke Energy Corp,Utilities - Regulated Electric,-1.0502436,-2.208752,-4.701408,-4.9168415,-7.128775,0.47777495
DUKU,Duke Energy Corp,Utilities - Regulated Electric,-0.5465587,-1.4245586,-2.9626703,0,0,0
DUOL,Duolingo Inc,Software - Application,1.8393543,10.542948,18.254456,22.586811,56.981133,-12.296296
DV,DoubleVerify Holdings Inc,Advertising Agencies,-0.147929,1.2753189,1.5037594,30.687319,34.328358,18.006992
DVA,DaVita Inc,Medical Care Facilities,0.8345658,4.3112397,8.03622,-8.181425,27.8548,68.03098
DVN,Devon Energy Corp,Oil & Gas E&P,3.2173738,4.797877,7.9041414,21.866096,5.487053,40.13104
DX,Dynex Capital Inc,REIT - Mortgage,-1.4504431,-4.6765394,-6.426932,-6.3552833,-1.291364,-12.705211
DXC,DXC Technology Co,Information Technology Services,-0.660066,9.954338,15.880654,40,1.1764706,-17.8157
DXCM,Dexcom Inc,Medical Devices,2.0902221,3.0639007,-2.6025236,19.290741,29.126213,30.254633
DXPE,DXP Enterprises Inc,Industrial Distribution,0.027810223,-3.6020584,-10.039517,3.540791,39.86623,63.803623
DXYZ,Destiny Tech100 Inc,Asset Management,-4.149509,-7.177914,-11,8.848921,24.220034,-1.2079661
DY,Dycom Industries Inc,Engineering & Construction,-1.5653871,-2.8056042,-34.77789,-38.171467,-16.065165,-16.442734
DYN,Dyne Therapeutics Inc,Biotechnology,-3.347732,-6.722251,-31.548758,-9.59596,1.9362186,-8.486708
E,Eni Spa ADR,Oil & Gas Integrated,2.2743683,1.0702819,1.1243976,15.750766,3.8870554,49.341064
EAT,Brinker International Inc,Restaurants,-4.9915953,-5.4990478,-15.820611,23.397417,41.88982,41.771183
EBAY,EBay Inc,Internet Retail,-0.88081473,4.366728,7.0239744,-0.1940133,21.409306,24.02985
EBC,Eastern Bankshares Inc,Banks - Regional,0.09157509,0.69092584,-7.5687103,6.1165047,16.773504,18.61096
EC,Ecopetrol SA ADR,Oil & Gas Integrated,2.9312289,2.4116657,3.3389926,10.13269,23.128794,82.23553
ECAT,BlackRock ESG Capital Allocation Term Trust,Closed-End Fund - Equity,-4.3538356,-8.646865,-10.1881895,-10.478655,2.8996282,-10.013004
ECG,Everus Construction Group,Engineering & Construction,-1.8158935,-6.880382,-23.835426,-30.746307,-1.559261,27.653109
ECHO,EchoStar Corp,Telecom Services,-1.9064863,0.85413927,-0.44319534,0,0,0
ECL,Ecolab Inc,Specialty Chemicals,-0.33029655,0.8779986,-0.44953597,2.0362663,7.0648785,4.6015544
ECO,Okeanis Eco Tankers Corp,Marine Shipping,3.775715,15.43184,31.945774,57.641006,79.379875,144.474
ECPG,Encore Capital Group Inc,Credit Services,-0.94245034,1.5103257,-4.70679,18.96448,45.251396,81.78473
ECVT,Ecovyst Inc,Specialty Chemicals,5.7171516,2.8292682,1.4436959,-17.784712,-9.527897,8.324769
ED,Consolidated Edison Inc,Utilities - Regulated Electric,-0.51049346,-2.093218,-3.4406826,-1.0530275,-3.8465052,5.9605317
EDU,New Oriental Education & Technology Group Inc ADR,Education & Training Services,-0.98556846,1.3876374,5.7518797,24.96668,2.3281193,2.2351444
EE,Excelerate Energy Inc,Oil & Gas Midstream,-4.8438325,-8.570702,-0.36031044,4.021991,8.972416,28.163992
EEFT,Euronet Worldwide Inc,Software - Infrastructure,-1.6138086,-0.6236712,-0.6236712,6.4854193,5.381031,-7.8833265
EFC,Ellington Financial Inc,REIT - Mortgage,-1.4832163,-4.826546,-7.1376014,-6.1011906,11.681416,-7.0692196
EFOR,Everforth Inc,Information Technology Services,-0.73421437,10.457517,9.5268955,77.14885,0,0
EFSC,Enterprise Financial Services Corp,Banks - Regional,-1.5902712,-0.53577054,-4.3056397,1.6261472,19.206799,16.88889
EFX,Equifax Inc,Consulting Services,-3.0239713,-0.6008686,-5.4977374,8.542844,-6.145377,-22.99751
EFXT,Enerflex Ltd,Oil & Gas Equipment & Services,1.0830325,-0.7532122,-0.3558719,-7.246377,4.9180326,45.17174
EG,Everest Group Ltd,Insurance - Reinsurance,0.0026347684,3.1750348,3.943585,13.085838,20.103159,11.846176
EGBN,Eagle Bancorp Inc (MD),Banks - Regional,1.0721945,3.4760337,-0.9457093,2.463768,17.73522,32.026142
EGO,Eldorado Gold Corp,Gold,-2.3080661,-9.802602,-0.29754525,21.664145,28.057325,11.943207
EGP,Eastgroup Properties Inc,REIT - Industrial,0.5112112,0.33853772,-2.4416606,-0.69510424,8.46032,11.474121
EHC,Encompass Health Corp,Medical Care Facilities,-0.43254712,0.3949967,0.008197393,24.451698,27.268934,14.942529
EIG,Employers Holdings Inc,Insurance - Specialty,-0.59749055,1.774062,3.7845707,7.218045,27.679714,15.612694
EIX,Edison International,Utilities - Regulated Electric,-2.7970781,-5.0139275,-23.47826,-24.106274,-21.777779,-9.096968
EL,Estee Lauder Cos. Inc,Household & Personal Products,-2.0057015,-2.551382,14.121413,13.488976,12.022812,-8.088235
ELAN,Elanco Animal Health Inc,Drug Manufacturers - Specialty & Generic,-0.64794815,-2.3354564,-2.583651,-5.0371594,-4.086739,1.6349978
ELE,Elemental Royalty Corp,Gold,-1.0900474,-1.3238771,-1.7419963,31.423174,21.904205,22.981733
ELF,e.l.f. Beauty Inc,Household & Personal Products,-1.3331956,-4.606315,1.9325219,48.707165,31.682758,25.552341
ELPC,Cia Paranaense De Energia Copel ADR,Utilities - Diversified,0.080906145,-0.64257026,16.698112,9.275619,10.644007,30.073606
ELS,Equity Lifestyle Properties Inc,REIT - Residential,-0.47093213,0.36024234,-5.54785,-1.447178,-4.562442,1.121927
ELV,Elevance Health Inc,Healthcare Plans,-1.5792947,5.200302,6.995695,7.4749036,43.24825,19.10997
ELVN,Enliven Therapeutics Inc,Biotechnology,-1.9658277,-7.119234,-10.37205,18.314856,83.80985,246.4935
ELVR,Elevra Lithium Ltd ADR,Other Industrial Metals & Mining,-1.7951425,-18.663635,-28.450531,-46.52099,5.994985,-11.54651
EMA,Emera Inc,Utilities - Regulated Electric,-1.163028,-3.8507345,-5.3166537,-6.46843,-5.5197973,-1.6246954
EMAT,Evolution Metals & Technologies Corp,Other Industrial Metals & Mining,-0.6006006,3.4375,18.637993,-55.510754,-51.466274,0
EMBJ,Embraer SA ADR,Aerospace & Defense,-1.2266667,-0.33633795,-3.9792612,22.042833,35.677654,15.084667
EME,Emcor Group Inc,Engineering & Construction,-1.8914232,-2.488433,-14.726274,-12.081186,1.4608307,20.22426
EMN,Eastman Chemical Co,Specialty Chemicals,-1.6716418,-3.5996487,-10.936867,-9.118499,0.84187967,3.2116559
EMO,ClearBridge Energy Midstream Opportunity Fund Inc,Closed-End Fund - Equity,0.12818165,-0.9779066,1.484781,12.003278,2.512186,22.463606
EMR,Emerson Electric Co,Specialty Industrial Machinery,-0.87660146,-2.221631,-9.287257,-2.429311,14.709325,10.759494
ENB,Enbridge Inc,Oil & Gas Midstream,0.4152824,-3.569292,-4.3890867,-11.347387,-9.539843,1.1080911
ENIC,Enel Chile SA ADR,Utilities - Renewable,-0.46403712,-4.454343,-5.9210525,-6.1269145,9.71867,6.716418
ENLT,Enlight Renewable Energy Ltd,Utilities - Renewable,-4.895392,-8.691086,-16.74647,-19.57678,-2.686442,52.991642
ENOV,Enovis Corp,Medical Devices,-1.5367727,-5.727798,-27.485853,-18.343195,-17.894737,-32.657658
ENPH,Enphase Energy Inc,Solar,0.16366611,0,-4.9935317,-29.762815,-16.75357,14.570983
ENR,Energizer Holdings Inc,Electrical Equipment & Parts,0.9373458,1.2871287,-8.497316,-4.9256506,22.441652,2.8657618
ENS,Enersys,Electrical Equipment & Parts,0.7735459,-4.712451,-15.656816,-25.132704,3.2176123,16.293015
ENSG,Ensign Group Inc,Medical Care Facilities,-1.2462127,0.5763857,-4.836666,12.430849,-13.659536,-0.8323766
ENTG,Entegris Inc,Semiconductor Equipment & Materials,0.8714597,-9.361672,-20.510147,-27.48224,13.0647135,53.87537
ENVA,Enova International Inc,Credit Services,-23.425371,-22.505915,-34.21621,-14.28783,28.609526,10.438931
EOG,EOG Resources Inc,Oil & Gas E&P,3.5007405,4.57792,5.1932945,18.279736,10.819577,46.405106
EOI,Eaton Vance Enhanced Equity Income Fund,Closed-End Fund - Equity,-1.2683917,-1.7667844,-3.5200794,0.20597322,3.7866666,-5.3501945
EOS,Eaton Vance Enhanced Equity Income Fund II,Closed-End Fund - Equity,-1.3188883,-1.965372,-4.7294226,-5.160706,3.7128713,-10.508329
EOSE,Eos Energy Enterprises Inc,Electrical Equipment & Parts,6.5445027,-1.9277109,3.562341,-46.797386,-21.579962,-64.48517
EPAC,Enerpac Tool Group Corp,Specialty Industrial Machinery,0.2899391,-4.9986267,-6.7152104,-5.491803,-3.8365304,-9.544979
EPAM,EPAM Systems Inc,Information Technology Services,-0.0808996,7.699686,25.098755,61.156055,-10.128793,-39.71593
EPC,Edgewell Personal Care Co,Household & Personal Products,-0.26207414,-1.6611296,-5.0605845,15.274773,37.107567,56.246334
EPD,Enterprise Products Partners L P,Oil & Gas Midstream,0.2842377,-1.2970499,0.51800054,6.0382514,3.3280084,21.054274
EPR,EPR Properties,REIT - Specialty,-0.20404693,-1.6423663,-2.9917355,2.0518172,16.309948,17.61523
EPRT,Essential Properties Realty Trust Inc,REIT - Retail,-2.7111576,-5.3752537,-10.115607,-4.6662126,-11.731315,-5.630479
EQBK,Equity Bancshares Inc,Banks - Regional,-0.1791758,1.0479646,-2.3943937,7.5965667,16.849218,12.295632
EQH,Equitable Holdings Inc,Asset Management,0.55897146,3.609138,5.554469,19.165379,44.497993,13.263379
EQIX,Equinix Inc,REIT - Specialty,0.8270586,-3.4590533,-8.257031,-7.801756,4.9856124,31.432077
EQNR,Equinor ASA ADR,Oil & Gas Integrated,2.716659,1.1496794,9.397417,41.29092,9.975962,93.60982
EQPT,Equipmentshare.Com Inc,Rental & Leasing Services,-1.2841988,-5.7066665,-17.498833,-32.826748,-18.899082,0
EQT,EQT Corp,Oil & Gas E&P,-0.16914114,-2.764049,0.20750801,4.731861,-17.859903,-0.8955224
EQX,Equinox Gold Corp,Gold,0.08438819,-7.7042804,0.5937235,12.84491,-1.0842369,-15.527065
ERAS,Erasca Inc,Biotechnology,0.5569307,3.5031848,-11.105033,18.873446,11.30137,336.82794
ERIC,Telefonaktiebolaget L M Ericsson ADR,Communication Equipment,-0.09950249,-0.19880715,-1.2782694,-11.7750435,-10.19678,4.041451
ERIE,Erie Indemnity Co,Insurance Brokers,-1.2880101,2.7806258,1.1543895,13.3264,4.260099,-12.5728245
ERO,Ero Copper Corp,Copper,-3.4144893,-14.954248,-6.8175306,9.344538,37.897415,14.987628
EROC,ERock Inc,Specialty Industrial Machinery,-1.9538188,-12.865035,-36.551723,-32.43574,0,0
EROK,EagleRock Land LLC,Oil & Gas Equipment & Services,1.6666666,-6.9057612,-4.7990637,18.159807,0,0
ES,Eversource Energy,Utilities - Regulated Electric,-1.6391044,-4.5854626,-6.535948,-3.4200315,0.80995953,-0.17822665
ESAB,ESAB Corp,Metal Fabrication,-0.45912322,-7.6912513,-18.16632,-36.71375,-28.659378,-39.84067
ESBA,Empire State Realty OP LP,REIT - Office,-0.24213076,0,-8.849558,-18.577076,-15.5737705,-34.603176
ESE,Esco Technologies Inc,Scientific & Technical Instruments,-1.1778563,-3.9939463,-15.557937,-24.282387,-0.32956505,33.113262
ESI,Element Solutions Inc,Specialty Chemicals,-1.0582011,-11.151482,-18.944416,-30.846205,2.416237,27.210884
ESLT,Elbit Systems Ltd,Aerospace & Defense,0.9435654,2.4286115,-6.526238,-7.1654215,-20.526745,26.663897
ESNT,Essent Group Ltd,Insurance - Specialty,-0.85755813,-0.52501094,-1.7571654,16.698032,19.331701,4.9223194
ESQ,Esquire Financial Holdings Inc,Banks - Regional,1.1717776,3.5908782,-1.8937868,7.231569,15.4261875,19.271088
ESS,Essex Property Trust Inc,REIT - Residential,0.11605556,0.61231184,-2.4765067,0.85491943,14.929847,5.49144
ESTA,Establishment Labs Holdings Inc,Medical Devices,-0.6117909,-4.0665684,-6.7084312,-15.717486,14.094174,-1.920966
ESTC,Elastic N.V,Software - Application,0.058747504,-1.6401017,2.0613616,44.412415,59.74489,12.884412
ET,Energy Transfer LP,Oil & Gas Midstream,-0.74453235,-1.6143911,1.8624642,13.76,12.204103,29.351122
ETG,Eaton Vance Tax-Advantaged Global Dividend Income Fund,Closed-End Fund - Equity,-0.94827586,-2.1711366,-5.354201,-0.3469211,14.670659,-0.5194805
ETN,Eaton Corp Plc,Specialty Industrial Machinery,-0.19330552,-5.4958816,-13.833992,-6.963511,9.977578,23.198645
ETON,Eton Pharmaceuticals Inc,Drug Manufacturers - Specialty & Generic,-4.668518,-6.6292706,-11.015714,69.11946,146.10216,224.83737
ETOR,Etoro Group Ltd,Capital Markets,-4.1792045,-6.3398695,1.9203414,-26.682016,-2.6163778,-18.417307
ETR,Entergy Corp,Utilities - Regulated Electric,-0.69471246,-3.965662,-5.160339,-7.3710737,3.0230231,11.349129
ETSY,Etsy Inc,Internet Retail,-0.61778134,3.9471836,-5.624283,0.06761325,40.04542,33.477634
ETV,Eaton Vance Tax-Managed Buy-Write Opportunities Fund,Closed-End Fund - Equity,-1.312336,-1.5706806,-0.397351,0.87189806,9.941521,4.735376
ETW,Eaton Vance Tax-Managed Global Buy-Write Opportunities Fund,Closed-End Fund - Foreign,-1.6580311,-2.6666667,-3.5569105,0.42328042,9.584295,2.9284165
ETY,Eaton Vance Tax-Managed Diversified Equity Income Fund,Closed-End Fund - Equity,-1.8374559,-2.867133,-4.9281316,-4.5360823,1.9823788,-9.452412
EVCM,EverCommerce Inc,Software - Application,4.2328043,16.568047,-22.440945,-11.955307,-23.864735,-34.92981
EVER,EverQuote Inc,Internet Content & Information,1.8310446,4.7517123,3.4672306,21.37897,59.5176,-9.37037
EVLV,Evolv Technologies Holdings Inc,Security & Protection Services,-0.96899223,3.6511157,-6.5813527,-9.557522,-8.586762,-28.631285
EVR,Evercore Inc,Capital Markets,-1.6951613,-5.93915,-10.673528,-27.144087,-1.4734238,-20.405584
EVRG,Evergy Inc,Utilities - Regulated Electric,-0.8162256,-1.2558483,-4.4441795,-2.7878788,1.905972,10.63595
EVT,Eaton Vance Tax Advantaged Dividend Income Fund,Closed-End Fund - Equity,-2.0272632,-2.4704244,-4.724677,5.6539764,15.730801,11.318507
EVTC,Evertec Inc,Software - Infrastructure,-3.4776678,-4.77632,-6.8443565,10.069984,1.615219,-2.6813338
EVV,Eaton Vance Limited Duration Income Fund,Closed-End Fund - Debt,-0.115207374,-3.7735848,-5.0383353,-5.349345,-5.6583242,-12.512613
EW,Edwards Lifesciences Corp,Medical Devices,0.25724977,-0.5105593,-5.5830855,-1.8543956,3.9272728,0.57478005
EWBC,East West Bancorp Inc,Banks - Regional,-0.83198524,0.35079515,-5.0103307,1.5140762,24.34077,14.53866
EWTX,Edgewise Therapeutics Inc,Biotechnology,-2.218736,0.5531228,-0.93097186,18.527575,50.137646,75.821075
EXC,Exelon Corp,Utilities - Regulated Electric,-1.2289326,-3.4439359,-7.4061885,-7.89129,-9.140827,-3.2002752
EXE,Expand Energy Corp,Oil & Gas E&P,0.88865095,-2.473608,0.058401912,8.33525,-12.197167,-14.615803
EXEL,Exelixis Inc,Biotechnology,1.2275395,-2.4515686,8.753822,9.612791,37.872547,29.819757
EXG,Eaton Vance Tax-Managed Global Diversified Equity Income Fund,Closed-End Fund - Foreign,-1.0330578,-2.145046,-4.2,-0.20833333,11.785297,0.524659
EXK,Endeavour Silver Corp,Silver,-0.82304525,-13.542601,-4.9309664,11.962834,16.990292,2.5531914
EXLS,ExlService Holdings Inc,Information Technology Services,-0.43895748,3.8340487,5.005787,39.95372,17.3674,-14.491046
EXP,Eagle Materials Inc,Building Materials,-0.1970767,-2.4662957,-11.288988,-18.8218,5.33888,-11.791175
EXPD,Expeditors International Of Washington Inc,Integrated Freight & Logistics,0.14978565,2.9685094,2.9903862,20.195885,32.490604,30.125494
EXPE,Expedia Group Inc,Travel Services,1.8133816,7.5128393,-7.9811616,21.66044,24.61944,3.4485192
EXPO,Exponent Inc,Engineering & Construction,-2.673797,-0.19267823,1.7374226,18.368782,0.8687837,-3.0521164
EXR,Extra Space Storage Inc,REIT - Industrial,-1.5064563,1.231291,-6.528695,-5.5253563,5.4045753,5.436953
EXTR,Extreme Networks Inc,Communication Equipment,1.9417475,2.749301,-9.184514,-29.732313,49.89803,32.432434
EYE,National Vision Holdings Inc,Specialty Retail,-9.480297,-7.4182243,-14.185165,-5.542312,-40.346256,-38.61348
EZPW,EZCorp Inc,Credit Services,-6.0681114,-8.255217,3.5848413,-4.3505673,19.261005,56.23069
F,Ford Motor Co,Auto Manufacturers,-2.5974026,0.37174723,-3.9145908,-3.9829302,17.1875,2.8963416
FA,First Advantage Corp,Specialty Business Services,-2.8276482,5.352798,6.650246,34.723087,102.52573,49.002064
FAF,First American Financial Corp,Insurance - Specialty,-0.4374573,1.9028963,-0.47827277,6.119773,28.109058,18.538412
FANG,Diamondback Energy Inc,Oil & Gas E&P,2.8217967,4.3897743,2.5376897,15.27248,9.860289,40.70711
FAST,Fastenal Co,Industrial Distribution,-0.06067961,1.2707522,-3.5526059,7.6705165,12.911335,23.124844
FBIN,Fortune Brands Innovations Inc,Building Products & Equipment,-1.963672,-1.9155207,-14.199785,-5.8018866,3.2574973,-20.15194
FBK,FB Financial Corp,Banks - Regional,-0.88832486,-0.036569756,-10.873818,1.711628,7.3644934,-2.0250895
FBNC,First Bancorp,Banks - Regional,-0.7893515,-0.031191517,-3.0550513,5.4970374,21.608803,26.205946
FBP,First Bancorp PR,Banks - Regional,-0.14209591,1.187905,-4.8408937,11.547619,36.655323,35.60058
FBYD,Falcon's Beyond Global Inc,Conglomerates,1.3119533,-5.570652,-31.594488,-57.647778,-3.8727524,-53.697536
FCBC,First Community Bankshares Inc,Banks - Regional,0.6119434,0.8246987,-3.0500202,9.811147,20.100756,41.35784
FCEL,Fuelcell Energy Inc,Electrical Equipment & Parts,-0.19633508,-7.966204,-31.797853,-36.56406,131.41122,108.61833
FCF,First Commonwealth Financial Corp,Banks - Regional,0.3274088,1.997147,-0.27894002,9.831029,27.375298,27.2242
FCFS,FirstCash Holdings Inc,Credit Services,-2.817981,-5.2029734,-0.3237144,-5.069368,12.213661,35.23654
FCN,FTI Consulting Inc,Consulting Services,-2.611693,-2.64396,-1.9356561,0.9204561,-15.660161,-13.99637
FCNCA,First Citizens Bancshares Inc (NC),Banks - Regional,-0.6191694,1.4786701,-3.9036021,4.2865005,18.54872,0.6635045
FCPT,Four Corners Property Trust Inc,REIT - Retail,-1.5912898,-4.1598697,-6.262465,-4.042466,-3.1327288,1.9080659
FCX,Freeport-McMoRan Inc,Copper,0.05768676,-8.985964,1.4624159,1.0192195,33.19255,36.601692
FDMT,4D Molecular Therapeutics Inc,Biotechnology,-0.9447674,-3.8787024,-6.2908216,41.09731,58.3043,81.73333
FDS,Factset Research Systems Inc,Financial Data & Stock Exchanges,0.057776332,-0.74506575,0.11923689,25.21578,32.407894,-4.5142837
FDX,Fedex Corp,Integrated Freight & Logistics,-1.3788911,-0.30078593,-7.007753,-5.4996934,-14.097813,6.7160563
FDXF,FedEx Freight Holding Company Inc,Integrated Freight & Logistics,-1.9313968,1.7228944,-11.736894,-22.050966,0,0
FE,Firstenergy Corp,Utilities - Regulated Electric,-1.0909884,-1.9043497,-4.407423,-2.4111948,-6.6131024,1.2508376
FEIM,Frequency Electronics Inc,Communication Equipment,-0.5263158,33.642365,7.8767123,16.794836,110.62407,57.968052
FELE,Franklin Electric Co Inc,Specialty Industrial Machinery,-0.14569674,-2.3509057,-7.7581234,-7.9174666,6.741573,0.43965247
FER,Ferrovial N. V,Engineering & Construction,-0.69571584,-4.1018386,-15.1439295,-21.641144,-11.155664,-15.23967
FERG,Ferguson Enterprises Inc,Industrial Distribution,-3.2387207,-3.633187,-12.192832,-9.750367,-1.1261262,-3.3778017
FET,Forum Energy Technologies Inc,Oil & Gas Equipment & Services,1.5367455,2.131638,-5.0747304,59.02562,45.54983,121.73207
FFBC,First Financial Bancorp,Banks - Regional,-0.21380574,1.4281279,-4.389816,3.3533692,22.35955,30.575539
FFIN,First Financial Bankshares Inc,Banks - Regional,1.1124474,2.875497,-3.5283992,2.5930445,16.165804,12.587881
FFIV,F5 Inc,Software - Infrastructure,4.712144,6.487408,8.934621,11.774625,51.568874,68.80044
FG,F&G Annuities & Life Inc,Insurance - Life,1.7301039,-1.5487652,-11.245283,-14.441615,-0.2544529,-23.76013
FHB,First Hawaiian INC,Banks - Regional,0.2715283,0.9371339,-6.068314,-7.4471893,8.613445,2.173913
FHI,Federated Hermes Inc,Asset Management,-1.25445,-4.789147,-9.197194,-1.3881835,4.634453,11.868638
FHN,First Horizon Corp,Banks - Regional,0.6167763,-0.44751832,-5.9569564,-1.3704152,11.990847,2.3849373
FIBK,First Interstate BancSystem Inc,Banks - Regional,0.42895442,1.7381858,-3.6770377,2.8273401,15.332512,8.265896
FICO,Fair Isaac Corp,Software - Application,-1.5516725,0.281736,-7.3702803,-10.079527,-12.562743,-41.68057
FIG,Figma Inc,Software - Application,-0.12547052,8.496139,-4.4417768,26.483051,0.63211125,-36.098476
FIGR,Figure Technology Solutions Inc,Capital Markets,-6.6479664,-12.696747,-6.9221087,16.567425,-2.945465,-18.511263
FIGS,Figs Inc,Apparel Manufacturing,-5.007153,0.15082957,-7.26257,7.8797727,-6.544687,16.90141
FIS,Fidelity National Information Services Inc,Information Technology Services,-2.2001047,-1.9175204,-9.302891,-2.2768908,-25.00502,-43.81583
FISI,Financial Institutions Inc,Banks - Regional,-0.5363237,0.024515813,-1.8286815,9.207708,33.37692,30.895092
FISV,Fiserv Inc,Information Technology Services,-1.9023337,2.816033,-4.1945987,4.5131636,-12.3532505,-25.532232
FITB,Fifth Third Bancorp,Banks - Regional,0.5332843,0.8857723,-5.0868053,3.6594615,23.715773,16.791285
FIVE,Five Below Inc,Specialty Retail,-5.4168835,-4.471512,-1.0437626,21.647943,3.8035352,25.329157
FIVN,Five9 Inc,Software - Infrastructure,4,8.725717,3.6734693,70.25006,112.620735,64.68828
FIX,Comfort Systems USA Inc,Engineering & Construction,-0.38033864,-2.3750262,-16.181334,-19.855038,16.217432,68.948555
FIZZ,National Beverage Corp,Beverages - Non-Alcoholic,-1.3832128,2.7177472,1.0957139,-13.557454,-7.9788795,-1.6306052
FLEX,Flex Ltd,Electronic Components,-0.29542097,-4.1533546,-16.923077,-26.834225,75.2109,78.74876
FLG,Flagstar Bank NA,Banks - Regional,-1.3824885,-3.1674209,-8.285714,-12.354949,4.560261,1.985703
FLNC,Fluence Energy Inc,Utilities - Renewable,-1.1689692,-8.102767,-26.365795,-62.5,-38.532715,-52.98281
FLNG,Flex Lng Ltd,Oil & Gas Midstream,1.4724311,4.0141296,4.8898964,8.910558,7.679521,29.81964
FLO,Flowers Foods Inc,Packaged Foods,2.3333333,-1.1272142,-16.005472,-21.07969,-24.938875,-43.566177
FLOC,Flowco Holdings Inc,Oil & Gas Equipment & Services,4.2110605,-2.5616698,-12.259718,-9.555262,-5.3019824,9.605123
FLR,Fluor Corp,Engineering & Construction,0.9904691,-1.4408171,-1.2787724,0.7081625,20.302761,36.361343
FLS,Flowserve Corp,Specialty Industrial Machinery,-0.5042723,-5.5326505,-12.276152,-13.059976,-0.5182073,2.378207
FLUT,Flutter Entertainment Plc,Gambling,-0.7352211,0.5839122,3.6518312,-1.8854954,-4.6751266,-53.538876
FLY,Firefly Aerospace Inc,Aerospace & Defense,-4.073034,-6.0522695,-24.613686,-33.796448,-11.757106,-8.404113
FLYW,Flywire Corp,Software - Infrastructure,-1.9337016,-0.056306306,-3.0054646,11.987382,49.034424,25.353107
FMBH,First Mid Bancshares Inc,Banks - Regional,0.07840063,1.1489699,-1.7131858,11.338858,29.462475,30.923077
FMC,FMC Corp,Agricultural Inputs,2.4590163,-8.462164,10.510805,-2.5974026,-14.056532,-18.88969
FMNB,Farmers National Banc Corp,Banks - Regional,0.88495576,1.4621742,-0.99255586,12.871287,26.767275,19.81982
FMS,Fresenius Medical Care AG ADR,Medical Care Facilities,0.4374453,2.8213167,-2.2978723,-2.670623,6.0998154,-3.6104114
FMX,Fomento Economico Mexicano SAB de CV ADR,Beverages - Brewers,0.28038925,3.0683167,3.6834924,-3.8507156,19.932932,20.312654
FN,Fabrinet,Electronic Components,-1.9971246,-10.366509,-37.366768,-34.65735,-25.946629,-17.652872
FNB,F.N.B. Corp,Banks - Regional,-0.27307484,0.38482684,-5.876289,0.16456391,14.053717,6.7836256
FND,Floor & Decor Holdings Inc,Home Improvement Retail,-4.1969666,-3.0895333,-18.562346,-13.049217,-7.9640718,-24.27328
FNF,Fidelity National Financial Inc,Insurance - Specialty,-1.5127568,-1.9334532,-11.215143,-6.834686,0.8321775,-20.095255
FNV,Franco-Nevada Corp,Gold,0.5426682,-0.88158834,10.282529,19.989965,18.221443,26.924932
FOIL,Londian Wason New Energy Tech Inc ADR,Electrical Equipment & Parts,-3.3527696,-13.896104,0,0,0,0
FOR,Forestar Group Inc,Real Estate - Development,0.40998882,0.11148272,-7.6131687,-8.085978,10.90984,9.378806
FORM,FormFactor Inc,Semiconductor Equipment & Materials,-1.2142996,-10.9388685,-26.39693,-32.002674,10.268922,82.30549
FORTY,Formula Systems (1985) Ltd ADR,Information Technology Services,-2.0162096,0,10.580113,7.617272,-6.8966284,0
FOUR,Shift4 Payments Inc,Software - Infrastructure,-6.553398,2.9662046,-4.509583,7.4873095,2.8661647,-32.74575
FOX,Fox Corp,Entertainment,-1.3084724,5.674256,-1.8702228,28.519701,15.638176,-7.0691514
FOXA,Fox Corp,Entertainment,-1.4008464,5.8095837,-2.341379,29.370094,16.862677,-7.527029
FOXF,Fox Factory Holding Corp,Auto Parts,-2.1949975,-2.0449898,-6.7639904,2.6245313,19.154228,11.9812975
FPF,First Trust Intermediate Duration Preferred & Income Fund,Closed-End Fund - Debt,-1.0657194,-3.4662044,-6.3865547,-7.0116863,-5.6997743,-10.354077
FPS,Forgent Power Solutions Inc,Electrical Equipment & Parts,9.497207,1.1939335,-19.237703,-50.54408,-6.2481318,0
FR,First Industrial Realty Trust Inc,REIT - Industrial,0,0.65606034,-2.4324324,-0.69579285,7.6666665,7.159071
FRBT,Forbright Inc,Banks - Diversified,-1.8518518,0.10793308,-2.930403,3.0555556,0,0
FRHC,Freedom Holding Corp,Financial Conglomerates,-2.1349945,-0.3817029,7.536386,12.602644,16.611416,32.979946
FRME,First Merchants Corp,Banks - Regional,0.52999276,2.4803536,-4.1130514,2.4803536,14.141138,11.339381
FRMI,Fermi Inc,REIT - Specialty,-6.1386137,-14.285714,-22.801304,-50.105263,-34.166668,-40.75
FRNM,Freenome Inc,Diagnostics & Research,-2.1390374,-7.047619,12.615385,0,0,0
FRO,Frontline Plc,Oil & Gas Midstream,2.117973,9.277696,22.30915,26.044466,60.366802,136.43446
FROG,JFrog Ltd,Software - Application,1.9354838,8.566194,0.1690617,14.603481,124.27254,51.777138
FRPT,Freshpet Inc,Packaged Foods,-1.6935863,-6.7251897,-13.709566,13.961098,-2.8664393,2.8885605
FRSH,Freshworks Inc,Software - Application,0.15822785,6.1190276,2.676399,42.88939,57.65878,3.3469388
FRT,Federal Realty Investment Trust,REIT - Retail,-0.5238802,-1.0680792,-3.4655144,-5.3658943,10.4508,13.025794
FRVO,Fervo Energy Co,Utilities - Renewable,1.3368984,-12.064965,-16.243093,-56.796806,0,0
FSBC,Five Star Bancorp,Banks - Regional,-0.9567297,-0.7625272,-2.7955613,1.5154892,25.275028,27.305758
FSCO,FS Credit Opportunities Corp,Closed-End Fund - Debt,0.7692308,-0.38022813,2.745098,6.2880325,4.8,-16.825397
FSK,FS KKR Capital Corp,Asset Management,-0.24937657,0.1669449,-0.08326395,16.84518,20.361084,-18.973667
FSLR,First Solar Inc,Solar,-2.2700927,-0.3741999,-7.119578,-21.482344,4.9372473,-22.543352
FSLY,Fastly Inc,Software - Application,-2.2526147,7.001321,-16.322313,35.75419,-3.5714285,138.70334
FSM,Fortuna Mining Corp,Gold,0.08598452,-5.596107,8.077994,25.701944,35.822636,18.654434
FSS,Federal Signal Corp,Farm & Heavy Construction Machinery,-0.24700071,-3.7207322,-10.353576,-4.5899425,7.1137633,4.134819
FSSL,FS Specialty Lending Fund,Closed-End Fund - Debt,1.1274935,-0.42698547,0.95238096,-0.085689805,-6.8690095,-17.538897
FSUN,Firstsun Capital Bancorp,Banks - Regional,-0.37285608,0.4259584,-2.1961932,10.748826,12.869615,6.496612
FSV,FirstService Corp,Real Estate Services,-2.893356,-4.696453,-6.059198,-4.668795,-2.1266294,-15.517906
FTAI,FTAI Aviation Ltd,Aerospace & Defense,0.25,-4.7557354,-22.420086,-36.09793,-23.29696,-10.3683
FTDR,Frontdoor Inc,Personal Services,0.02496879,-0.37304154,-4.334328,11.96199,40.21701,38.880222
FTH,Faeth Therapeutics Inc,Biotechnology,-9.5165,-2.076412,7.934086,98.48485,0,0
FTI,TechnipFMC plc,Oil & Gas Equipment & Services,2.8818443,-3.6499164,-6.064403,15.037594,14.878945,68.24506
FTK,Flotek Industries Inc,Oil & Gas Equipment & Services,2.4297645,-3.2281206,-5.8618283,19.06443,67.99502,56.58735
FTNT,Fortinet Inc,Software - Infrastructure,1.2868727,9.636179,10.599936,19.09763,111.75676,117.06334
FTRE,Fortrea Holdings Inc,Biotechnology,13.325675,17.510424,9.005525,28.87002,107.03043,14.376812
FTS,Fortis Inc,Utilities - Regulated Electric,-1.054189,-2.939042,-5.2090716,-4.617579,-2.8332727,3.0034657
FTV,Fortive Corp,Scientific & Technical Instruments,2.2830224,1.146748,-6.909631,-7.504506,2.2274537,2.24597
FUBO,fuboTV Inc,Broadcasting,-8.087616,1.8674136,6.231743,18.329718,-19.542772,-63.92196
FUL,H.B. Fuller Company,Specialty Chemicals,-0.15695508,-1.8325617,-19.959106,-21.538698,3.2460945,-14.413051
FULT,Fulton Financial Corp,Banks - Regional,0,1.4523708,-2.9423785,3.7117903,21.04995,22.86601
FUN,Six Flags Entertainment Corp,Leisure,-3.414264,-10.916725,-18.397436,-48.957497,-21.66154,-17.014341
FUTU,Futu Holdings Ltd ADR,Capital Markets,-2.1510215,-6.8699675,-0.7123288,12.5,-19.478596,-33.792095
FWONA,Liberty Media Corp,Entertainment,-0.6739776,-1.9176537,-6.9655466,3.413416,16.695745,-2.718729
FWONK,Liberty Media Corp,Entertainment,-0.4192872,-1.8595041,-6.844479,4.6716614,16.67895,-3.56309
G,Genpact Ltd,Information Technology Services,-1.5646446,2.8391168,6.4094954,26.938053,-7.3385015,-23.34331
GAB,Gabelli Equity Trust Inc,Closed-End Fund - Equity,-0.5424955,-2.8268552,-4.347826,0.18214937,-0.36231884,-10.858995
GABC,German American Bancorp Inc,Banks - Regional,-0.18032458,1.1573604,-2.1986651,10.735719,22.860666,27.156713
GAM,General American Investors Co Inc,Closed-End Fund - Equity,-1.0141364,-2.127013,-4.8589573,0.7191995,8.983252,9.688405
GAP,Gap Inc,Apparel Retail,-2.3422563,-4.3539324,1.2388504,-3.4042554,-14.55458,-20.195312
GATX,GATX Corp,Rental & Leasing Services,1.2720045,0.7115428,-1.2732507,0.6603827,8.281724,5.1533017
GBCI,Glacier Bancorp Inc,Banks - Regional,-1.0928962,-1.1145105,-8.78855,-6.566178,4.4070144,2.7241771
GBDC,Golub Capital BDC Inc,Asset Management,-0.32076985,-3.117693,-5.259146,0.64777327,0.64777327,-8.400885
GBTG,Global Business Travel Group Inc,Travel Services,0.10570825,-0.10548523,0.31779662,1.1752137,73.44322,23.79085
GBX,Greenbrier Cos. Inc,Railroads,-0.8356546,-0.09354537,-6.6841416,-14.026967,-15.0358,-8.60077
GCMG,GCM Grosvenor Inc,Asset Management,0.9493671,-1.0852714,-6.861314,5.892116,31.682146,12.720848
GCT,GigaCloud Technology Inc,Software - Infrastructure,-0.10428517,1.5516577,4.783214,55.047085,30.699577,34.12678
GD,General Dynamics Corp,Aerospace & Defense,0.50166756,1.6814586,-8.319272,2.4542155,3.7075598,6.5169606
GDDY,Godaddy Inc,Software - Infrastructure,-2.0005744,9.380342,10.836852,32.892006,20.603134,-17.488716
GDOT,Green Dot Corp,Credit Services,-0.975976,1.3835511,-1.9330856,3.4509804,19.474638,2.9664326
GDRX,GoodRx Holdings Inc,Health Information Services,-1.9662921,4.491018,-6.1827955,31.203007,71.92118,28.782288
GDS,GDS Holdings Limited ADR,Information Technology Services,0.5616121,-6.0203767,-13.96269,-3.303685,-26.437893,-12.779369
GDV,Gabelli Dividend & Income Trust,Closed-End Fund - Equity,-0.7482993,-1.7839111,-4.733921,0.7248878,10.782081,5.0774217
GE,GE Aerospace,Aerospace & Defense,-3.3096108,-5.6450124,-16.885471,-14.14551,7.0644026,-0.31815082
GEF,Greif Inc,Packaging & Containers,-0.15925518,-2.4652944,-6.7078753,18.270208,30.191692,20.384047
GEHC,GE HealthCare Technologies Inc,Medical Devices,-0.28015563,-1.6878932,-11.468841,4.0266275,-8.011486,-21.884907
GEL,Genesis Energy LP,Oil & Gas Midstream,-0.64808816,-2.232143,-4.1875,5.9433312,-12.996594,-1.7307693
GEN,Gen Digital Inc,Software - Infrastructure,-0.5730659,4.939516,13.93652,29.156328,48.92704,14.858404
GENB,Generate Biomedicines Inc,Biotechnology,1.1875,4.3170104,3.1867433,11.732229,31.94784,0
GENI,Genius Sports Limited,Internet Content & Information,-3.5294118,-6.685633,-15.463918,7.5409837,44.812363,-40.47187
GEO,Geo Group Inc,Security & Protection Services,1.3290113,-1.1072445,0.35313,6.7622952,90.26172,93.92059
GERN,Geron Corp,Biotechnology,-4.379562,-6.428571,-14.379085,3.9682539,-10.2739725,-0.75757575
GEV,GE Vernova Inc,Specialty Industrial Machinery,0.9202524,-7.1742516,-18.182577,-20.448217,3.729423,35.07505
GFF,Griffon Corp,Building Products & Equipment,-1.1192837,-4.9492774,-9.219026,1.7886536,35.912086,25.947046
GFI,Gold Fields Ltd ADR,Gold,-0.48701298,-8.7603655,3.3975904,11.165803,9.828513,-1.7178196
GFL,GFL Environmental Inc,Waste Management,-1.0091528,0.42857143,1.5406836,20.17094,3.5092025,-1.7927823
GFR,Greenfire Resources Ltd,Oil & Gas E&P,4.6827793,8.450705,7.4418607,26.229507,0.14450867,45.588234
GFS,GlobalFoundries Inc,Semiconductors,-1.8144236,-6.9640913,-20.003742,-50.19224,-0.7660167,22.42268
GGAL,Grupo Financiero Galicia ADR,Banks - Regional,-1.9087523,-5.282086,-2.9479504,-25.243923,-1.8859138,-21.876158
GGB,Gerdau SA ADR,Steel,3.4764826,0.998004,5.4166665,21.342926,55.214725,37.127373
GGG,Graco Inc,Specialty Industrial Machinery,0.39195192,0.56275356,-5.7755976,1.0653689,-8.403862,-6.258387
GGN,GAMCO Global Gold Natural Resources & Income Trust,Closed-End Fund - Equity,-0.18181819,-2.8318584,1.6666666,10.240964,13.429752,6.395349
GH,Guardant Health Inc,Diagnostics & Research,4.653241,7.906377,8.647244,33.290333,106.21038,71.96985
GHC,Graham Holdings Co,Conglomerates,-0.6748713,3.7854042,-0.47541815,1.3182954,11.851051,5.566175
GHM,Graham Corp,Specialty Industrial Machinery,-0.011948859,-4.34385,-27.537235,-24.428791,4.691605,30.2818
GHRS,GH Research PLC,Biotechnology,-1.219075,-0.03628447,-8.105404,23.875898,97.208305,116.92913
GIB,CGI Inc,Information Technology Services,-1.0835277,4.7494555,-0.48295847,17.689295,-0.93406594,-21.86349
GIC,Global Industrial Co,Industrial Distribution,1.2484076,0.5821311,2.926703,20.75357,31.198416,36.00274
GIII,G-III Apparel Group Ltd,Apparel Manufacturing,-0.25152713,0.7988381,-17.796862,-20.161058,4.204204,-4.1436462
GIL,Gildan Activewear Inc,Apparel Manufacturing,-3.267285,-9.038652,-17.892288,-11.562922,-18.038935,-26.528978
GILD,Gilead Sciences Inc,Drug Manufacturers - General,-0.07513148,0.44627532,5.31241,18.21267,6.6248817,19.195047
GIS,General Mills Inc,Packaged Foods,0.30161777,-1.3750337,-3.6861506,9.455416,-1.1618482,-21.333334
GKOS,Glaukos Corp,Medical Devices,0.34484774,-4.510818,-7.5099664,31.37435,69.99703,52.050304
GL,Globe Life Inc,Insurance - Life,0.21397178,2.04334,-3.4111812,1.4816116,26.673977,23.902473
GLBE,Global E Online Ltd,Internet Retail,-2.6940517,1.0246469,-11.413307,11.0840435,12.801484,-7.199186
GLIBA,Liberty Capital Corp,Telecom Services,-1.3420246,-0.5411674,-1.5684774,22.465492,-27.275297,-30.214266
GLIBK,Liberty Capital Corp,Telecom Services,-1.122291,0.43238994,-0.07821666,25.122429,-27.82486,-31.335663
GLNG,Golar Lng,Oil & Gas Midstream,-2.0983098,-2.9842126,-3.96417,1.592742,-4.32884,35.420586
GLOB,Globant SA,Information Technology Services,-0.9632008,10.957388,10.590182,30.448927,-10.310892,-38.656876
GLP,Global Partners LP,Oil & Gas Midstream,-0.48904538,-4.86254,-0.019654088,19.469234,9.0694685,21.553165
GLPI,Gaming and Leisure Properties Inc,REIT - Specialty,-1.047503,-2.120482,-3.857988,-8.903341,-11.772372,-9.1071825
GLUE,Monte Rosa Therapeutics Inc,Biotechnology,-6.5467625,-8.906031,-15.539662,-29.05516,-16.890594,-17.155613
GLW,Corning Inc,Electronic Components,-0.020891365,-14.775021,-17.112177,-26.344141,15.243217,63.967564
GLXY,Galaxy Digital Inc,Capital Markets,-7.6253624,-11.371769,1.920439,-34.824562,7.57722,-0.31305903
GM,General Motors Company,Auto Manufacturers,-2.0536942,1.9221586,1.1852554,7.668054,17.250378,4.9803247
GMAB,Genmab ADR,Biotechnology,4.5941806,3.359564,3.9890378,35.140484,36.05578,10.876623
GME,Gamestop Corp,Specialty Retail,-0.83256245,7.7928605,16.52174,-0.37174723,-5.006646,6.772908
GMED,Globus Medical Inc,Medical Devices,-1.4253663,0.22812667,-12.253289,-5.7301526,-13.412937,-14.454244
GNK,Genco Shipping & Trading Limited,Marine Shipping,4.148148,3.6109064,7.246377,18.75,30.185184,52.57732
GNL,Global Net Lease Inc,REIT - Diversified,-0.11086474,-0.88008803,2.2701476,-2.2776573,-2.2776573,4.7674417
GNRC,Generac Holdings Inc,Specialty Industrial Machinery,-1.1018194,-6.1400685,-20.890396,-37.298943,-12.182028,28.349344
GNTX,Gentex Corp,Auto Parts,-0.75287867,-1.1032656,-5.8798823,-13.641619,8.26087,-3.6957457
GNW,Genworth Financial Inc,Insurance - Life,-5.5660377,-4.5757866,-0.7928642,11.8435755,25.281603,10.852714
GO,Grocery Outlet Holding Corp,Grocery Stores,-1.457976,1.7714791,0,24.082073,98.445595,13.762376
GOF,Guggenheim Strategic Opportunities Fund,Closed-End Fund - Debt,-4.323725,-6.3991323,-16.213593,-19.49627,-20.240295,-32.996895
GOLD,Gold.com Inc,Capital Markets,1.0143702,-3.1015608,5.3095393,13.136095,13.1093235,40.38179
GOLF,Acushnet Holdings Corp,Leisure,-1.7614375,-2.8638222,-8.338848,-22.862713,-6.9741406,4.109246
GOOG,Alphabet Inc,Internet Content & Information,-1.2380319,3.9740543,-0.005857373,-7.083764,14.270892,8.804972
GOOGL,Alphabet Inc,Internet Content & Information,-1.2621999,4.3338876,0.2848837,-6.2630763,14.611296,10.217253
GPC,Genuine Parts Co,Auto Parts,-1.6515276,-3.1277728,-1.1394507,20.52438,35.93069,6.5468445
GPCR,Structure Therapeutics Inc ADR,Biotechnology,1.326743,-5.529954,-27.548363,-12.491575,-19.839474,-43.997124
GPGI,GPGI Inc,Metal Fabrication,-4.6995378,-7.4794316,-6.2168307,-14.216366,-27.491207,0
GPI,Group 1 Automotive Inc,Auto & Truck Dealerships,-3.0139785,-4.2645626,6.072859,-12.041768,-13.470298,-29.964403
GPK,Graphic Packaging Holding Co,Packaging & Containers,1.4705882,1.5772871,-12.181818,-9.803922,8.417508,-35.856575
GPN,Global Payments Inc,Software - Infrastructure,-1.3416121,2.2523558,-1.5490153,33.04426,29.89781,14.961241
GPOR,Gulfport Energy Corp,Oil & Gas E&P,1.6699411,-0.21550502,3.7441037,9.48292,-14.137224,-15.404587
GPRE,Green Plains Inc,Chemicals,1.779603,-4.9232736,-7.8686495,0.33738193,-4.064516,51.734695
GPRK,Geopark Limited,Oil & Gas E&P,2.7898867,-1.0075567,22.940563,16.27219,20.306122,59.10931
GRAB,Grab Holdings Limited,Software - Application,-3.642384,-4.2763157,-18.715084,-18.487394,-18.258427,-41.683365
GRAL,GRAIL Inc,Diagnostics & Research,0.4766318,-2.0521424,8.49178,19.061813,62.01964,-11.333099
GRBK,Green Brick Partners Inc,Residential Construction,-2.512709,-2.484382,-5.3047404,-10.038869,9.565785,7.1177783
GRC,Gorman-Rupp Co,Specialty Industrial Machinery,-0.37762237,-4.734519,-11.6800995,-18.844707,21.283842,49.172775
GRDN,Guardian Pharmacy Services Inc,Medical Care Facilities,3.2480104,10.624568,26.31579,13.180854,34.755756,59.521435
GRFS,Grifols SA ADR,Drug Manufacturers - General,-1.6042781,-5.882353,-5.2767053,-0.5405405,-2.9023747,-21.283422
GRMN,Garmin Ltd,Scientific & Technical Instruments,-0.5028889,2.4946725,-9.2780485,19.11614,20.059391,37.525265
GRND,Grindr Inc,Software - Application,-2.415766,2.813128,-2.909551,14.981274,22.310757,13.367799
GROY,Gold Royalty Corp,Gold,0.5952381,2.7355623,5.625,17.770035,7.301587,-16.336634
GRPN,Groupon Inc,Internet Content & Information,-1.8838304,2.4590163,-7.635468,15.81223,64.04199,6.4735947
GS,Goldman Sachs Group Inc,Capital Markets,-1.1917648,-5.0652227,-7.099714,-10.933282,20.053349,11.11149
GSAT,Globalstar Inc,Telecom Services,-0.19514576,0.18364349,-1.4452608,1.7659495,39.33254,34.05963
GSBC,Great Southern Bancorp Inc,Banks - Regional,0.2739726,2.1827412,0.16171166,8.473663,31.978365,30.799221
GSBD,Goldman Sachs BDC Inc,Asset Management,0.10384216,0,-1.4314928,3.5445757,6.637168,3.8793104
GSHD,Goosehead Insurance Inc,Insurance Brokers,-0.9347354,5.2304964,-7.8416147,60.92733,39.91042,-19.416157
GSK,GSK Plc ADR,Drug Manufacturers - General,-0.07992008,2.8377545,-0.53699285,-1.3025459,-3.5300925,1.9779772
GSL,Global Ship Lease Inc,Marine Shipping,-0.24048972,1.3549534,5.186722,20.427553,20.714285,30.222603
GSM,Ferroglobe Plc,Other Industrial Metals & Mining,2.606635,-3.5634744,0.93240094,10.741688,15.775401,-6.6810346
GT,Goodyear Tire & Rubber Co,Auto Parts,-1.3157895,-8.695652,-13.223141,-15.185783,-14.634147,-40.068493
GTES,Gates Industrial Corp Ltd,Specialty Industrial Machinery,0.31471282,-3.1155014,-9.381663,-9.220363,17.29531,18.770378
GTLB,Gitlab Inc,Software - Infrastructure,-0.30456853,5.9788475,21.174728,84.864456,120.67416,30.82867
GTM,ZoomInfo Technologies Inc,Software - Application,0.23866348,12.903226,11.702127,49.46619,-28.93401,-58.702065
GTX,Garrett Motion Inc,Auto Parts,-2.1942377,-6.7660966,-10.321903,-25.320513,51.12028,47.045322
GTY,Getty Realty Corp,REIT - Retail,-1.9038701,-4.059829,-4.9591775,-3.8249693,-2.0261846,14.833759
GVA,Granite Construction Inc,Engineering & Construction,-0.30591732,-2.2203171,-10.904546,-22.233585,-1.8332043,-1.1183355
GWRE,Guidewire Software Inc,Software - Application,-2.6928105,4.6681666,-13.436828,38.03078,-4.324915,-25.934032
GWW,W.W. Grainger Inc,Industrial Distribution,-0.6246526,-0.7272272,-3.6541498,-7.0220666,21.84174,25.81438
GXO,GXO Logistics Inc,Integrated Freight & Logistics,-0.70317495,0.88763803,-1.5215554,-4.194079,-6.6693373,-11.474164
H,Hyatt Hotels Corp,Lodging,-2.1501436,1.2323054,-11.789647,-20.733337,12.722539,-0.08108783
HAE,Haemonetics Corp,Medical Devices,-0.10347098,2.9468787,17.647058,43.184574,81.29054,32.50156
HAFC,Hanmi Financial Corp,Banks - Regional,0.34321374,2.2250476,-0.124223605,3.0438962,26.91397,18.978912
HAFN,Hafnia Ltd,Marine Shipping,1.607717,3.4934497,20.610687,31.120333,35.42857,77.86116
HAL,Halliburton Co,Oil & Gas Equipment & Services,1.8851757,-3.9321303,2.7065938,2.1185226,-2.3542295,26.220806
HALO,Halozyme Therapeutics Inc,Biotechnology,-1.5656847,-1.0615513,3.1553397,54.996353,67.50749,57.875187
HAPN,Happen Inc,Banks - Regional,-1.7953322,-2.4955437,-14.4867115,0,0,0
HAS,Hasbro Inc,Leisure,-0.6059938,1.3937283,-5.0920568,6.455039,-0.98781693,10.012196
HASI,HA Sustainable Infrastructure Capital Inc,Asset Management,-1.1129208,-5.1302085,-13.5295515,-6.733231,2.2740033,15.908368
HAWK,HawkEye 360 Inc,Aerospace & Defense,0.6715507,0.2431611,-28.799654,-27.991266,0,0
HAYW,Hayward Holdings Inc,Electrical Equipment & Parts,-0.93240094,-4.0632052,-13.617887,-15,-6.5249267,-17.475729
HBAN,Huntington Bancshares Inc,Banks - Regional,-0.11926059,0.7215875,-6.685237,-0.6524318,11.000663,-3.4582133
HBM,Hudbay Minerals Inc,Copper,-1.5216544,-12.421929,-8.017492,-8.517579,39.60177,27.153652
HBNB,Hotel101 Global Holdings Corp,Real Estate Services,2,7.366161,-6.4220185,-5.204461,-36.17021,-31.726908
HBNC,Horizon Bancorp Inc (IN),Banks - Regional,0.050556116,1.1241696,-2.799607,2.326784,25.17394,16.686321
HBT,HBT Financial Inc,Banks - Regional,-0.27262813,1.1894883,-0.97455335,20.726072,39.565052,41.508705
HCA,HCA Healthcare Inc,Medical Care Facilities,-0.39248866,0.471754,4.6520815,12.967455,-14.185632,-9.219038
HCC,Warrior Met Coal Inc,Coking Coal,-4.0435786,-12.218495,-7.127649,1.1260763,3.456065,3.890212
HCI,HCI Group Inc,Insurance - Property & Casualty,-0.16084066,0.28002155,1.9545579,13.805537,22.876938,-2.8535657
HCM,HUTCHMED (China) Limited ADR,Drug Manufacturers - Specialty & Generic,0.95168376,1.6212233,9.792994,34.14397,-1.0760401,3.4508626
HCSG,Healthcare Services Group Inc,Medical Care Facilities,-0.58983666,-0.54471177,1.4821677,-4.489974,15.498155,14.592051
HD,Home Depot Inc,Home Improvement Retail,-1.7338437,-1.600902,-9.589203,-8.615532,-4.760717,-11.223481
HDB,HDFC Bank Ltd ADR,Banks - Regional,-1.3543032,2.2644928,-2.462203,-9.896249,-11.067349,-38.20471
HE,Hawaiian Electric Industries Inc,Utilities - Regulated Electric,-1.4478765,-1.1616651,-13.547841,-21.582182,-27.382647,-16.991869
HEI,Heico Corp,Aerospace & Defense,-2.271605,-4.9532533,-20.046865,-11.940077,7.8826866,-8.263543
HELP,Helus Pharma Inc,Biotechnology,-3.6002939,-4.0935674,13.396716,180.94218,183.98268,0
HEPS,D-MARKET Electronic Services & Trading ADR,Internet Retail,2.6819923,1.1320754,-2.189781,-4.285714,2.2900763,8.064516
HESM,Hess Midstream LP,Oil & Gas Midstream,-0.100275755,-1.7747104,0.47907212,8.317477,0.6567315,15.507246
HFWA,Heritage Financial Corp,Banks - Regional,-0.10511563,0.493479,-3.6824324,2.1131804,15.471851,20.549683
HG,Hamilton Insurance Group Ltd,Insurance - Reinsurance,0.8292822,2.5894675,0,12.364563,23.502626,26.379929
HGTY,Hagerty Inc,Insurance - Property & Casualty,0.6460876,5.7315235,9.020218,28.978842,33.651096,4.3154764
HGV,Hilton Grand Vacations Inc,Resorts & Casinos,-1.9653478,-5.860442,-15.605521,-28.105442,-5.7902584,-15.284916
HHH,Howard Hughes Holdings Inc,Real Estate - Diversified,2.641943,-0.3187251,-6.151538,-6.4463058,1.459854,-21.587063
HIG,Hartford Insurance Group Inc,Insurance - Diversified,-1.1338034,-0.38810778,-0.49740326,6.066277,2.5480587,-1.2844702
HII,Huntington Ingalls Industries Inc,Aerospace & Defense,-0.19642156,-0.49492612,-12.213357,-2.091581,-31.501545,-17.822802
HIMS,Hims & Hers Health Inc,Drug Manufacturers - Specialty & Generic,-3.3321762,-0.17921147,-2.6564138,-21.482943,26.475931,-14.2285185
HIMX,Himax Technologies ADR,Semiconductors,-2.7941177,-5.232975,-14.211551,-27.001657,53.899883,61.416363
HIPO,Hippo Holdings Inc,Insurance - Property & Casualty,0.7116337,1.3387297,-0.2757353,25.385208,27.24785,8.211436
HIVE,HIVE Digital Technologies Ltd,Capital Markets,-3.3444817,-6.774194,-5.863192,-32.159626,43.069305,12.015504
HIW,Highwoods Properties Inc,REIT - Office,0.32615787,1.5852047,0.32615787,5.0546446,49.32039,19.132456
HL,Hecla Mining Co,Other Precious Metals & Mining,-0.74388945,-10.407674,-0.74388945,17.042606,8.352668,-2.6576343
HLF,Herbalife Ltd,Packaged Foods,-0.9958506,-5.5423594,-0.500417,0.25210086,-18.898708,-7.4476337
HLI,Houlihan Lokey Inc,Capital Markets,-2.967639,-1.1384639,6.796039,-5.0010657,-4.143072,-23.22751
HLIO,Helios Technologies Inc,Specialty Industrial Machinery,-1.1152416,-5.9804893,-18.90244,-26.511217,5.5555553,24.322304
HLIT,Harmonic Inc,Communication Equipment,3.288889,-1.5254238,-13.477289,-22.944298,29.11111,17.492416
HLMN,Hillman Solutions Corp,Tools & Accessories,0.554785,-0.41208792,-17.800453,-10.049628,-6.572165,-16.281755
HLN,Haleon plc ADR,Drug Manufacturers - Specialty & Generic,-1.597444,0.108342364,-3.5490606,3.125,-8.242304,-8.605341
HLNE,Hamilton Lane Inc,Asset Management,-3.3655345,-5.916262,-7.7449427,13.147653,-6.5870066,-30.734867
HLT,Hilton Worldwide Holdings Inc,Lodging,-0.9047006,0.26059482,-5.6206303,-11.767572,5.1985784,7.1505656
HMC,Honda Motor ADR,Auto Manufacturers,-0.86180365,2.9073482,0.97178686,22.658035,33.54063,9.260515
HMH,HMH Holding Inc,Oil & Gas Equipment & Services,3.5658915,-3.9309683,-5.6941175,7.3954983,0,0
HMN,Horace Mann Educators Corp,Insurance - Property & Casualty,-0.5423865,0.14158577,-3.4892788,1.7050123,19.32996,7.2109137
HMY,Harmony Gold Mining Co Ltd ADR,Gold,-0.4584819,-6.0576925,-2.4463305,14.873604,46.696697,-1.8090452
HNGE,Hinge Health Inc,Health Information Services,-2.5319126,1.182784,5.143963,33.088448,117.490585,98.90205
HNI,HNI Corp,"Furnishings, Fixtures & Appliances",-1.6488223,-2.8758724,-4.9461923,31.755594,35.12798,9.253093
HOG,Harley-Davidson Inc,Recreational Vehicles,-0.07249003,3.3745782,1.9977802,7.401636,56.82594,34.55344
HOMB,Home Bancshares Inc,Banks - Regional,0.7,1.682935,-2.8929605,9.25859,15.658499,8.7473
HON,Honeywell International Inc,Conglomerates,1.0229417,-0.72707754,-11.335803,-11.165451,-8.153499,4.280076
HONA,Honeywell Aerospace Inc,Aerospace & Defense,-3.4038274,4.5619473,-1.897128,0,0,0
HOOD,Robinhood Markets Inc,Capital Markets,-3.3936849,-4.189799,14.753246,2.1266758,55.804768,-2.3430593
HOPE,Hope Bancorp Inc,Banks - Regional,0.42704627,2.0984082,-1.7409471,9.890965,30.166052,28.740875
HOS,Hornbeck Offshore Services Inc,Marine Shipping,4.2402825,-2.9605262,0,0,0,0
HP,Helmerich & Payne Inc,Oil & Gas Drilling,1.9235281,-1.719068,-2.8398926,24.249357,19.10636,51.499302
HPE,Hewlett Packard Enterprise Co,Communication Equipment,0.8482223,-5.1273346,-3.002951,17.865429,157.63025,132.63947
HPK,HighPeak Energy Inc,Oil & Gas E&P,3.1026254,5.2375154,9.6446705,20.33426,26.500732,82.27848
HPQ,HP Inc,Computer Hardware,-0.5878895,4.4149427,15.034014,43.914894,85.112206,51.795334
HQH,abrdn Healthcare Investors,Closed-End Fund - Equity,-2.6842585,-4.295302,-9.632446,5.9435363,20.915771,12.935586
HQY,Healthequity Inc,Health Information Services,0.48937944,4.1549754,-5.687482,13.261354,19.118736,5.348761
HR,Healthcare Realty Trust Inc,REIT - Healthcare Facilities,-1.4791336,-1.3749338,-2.610966,-5.760485,8.304297,10.029498
HRB,H&R Block Inc,Personal Services,0.21862702,1.5507311,-8.55775,33.333332,44.19629,5.185865
HRI,Herc Holdings Inc,Rental & Leasing Services,-1.0468594,-4.0334277,-19.737755,-10.424188,38.36885,-6.355304
HRL,Hormel Foods Corp,Packaged Foods,-0.8110687,-0.8583691,-13.447127,-13.948675,-6.097561,-12.2784815
HRMY,Harmony Biosciences Holdings Inc,Biotechnology,1.5166105,1.32148,10.566335,26.71274,52.128426,12.693747
HROW,Harrow Inc,Drug Manufacturers - Specialty & Generic,-0.6750807,-9.880159,-14.2748575,-21.06368,1.6826923,-30.938776
HRTG,Heritage Insurance Holdings Inc,Insurance - Property & Casualty,-0.8834426,2.143906,1.7851917,49.462826,35.594543,18.865345
HSAI,Hesai Group ADR,Auto Parts,-3.3411489,-9.890711,-8.743774,-2.3682652,-27.833698,-26.383928
HSBC,HSBC Holdings plc ADR,Banks - Diversified,-1.6548009,-2.7495005,-1.522158,7.63399,32.839508,29.935173
HSHP,Himalaya Shipping Ltd,Marine Shipping,1.3804528,1.7738359,12.362301,32.467533,48.54369,101.75824
HSIC,Henry Schein Inc,Medical Distribution,-1.5855167,-0.511538,-2.2341375,9.509509,21.06792,15.797831
HSLV,Highlander Silver Corp,Silver,-1.6513761,-10.5175295,1.9011407,10.973084,9.164969,0
HST,Host Hotels & Resorts Inc,REIT - Hotel & Motel,-1.050749,0.40834847,-2.9811487,-11.515394,18.978495,24.816694
HSTM,Healthstream Inc,Health Information Services,0.06749915,3.4182072,5.817273,15.639626,45.771877,28.52189
HSY,Hershey Company,Confectioners,-1.8770152,-1.0279343,-5.876505,-1.2801946,-18.901684,-6.3523464
HTB,HomeTrust Bancshares Inc,Banks - Regional,-0.99378884,-0.41649312,0.041841004,-1.3003095,15.284474,11.364695
HTD,John Hancock Tax- Advantaged Dividend Income,Closed-End Fund - Debt,-0.041254126,-3.1187525,-4.8311076,-3.3891547,0.08261049,2.4091294
HTFL,Heartflow Inc,Health Information Services,-2.4424708,3.5568888,15.236052,43.66825,85.74174,65.7976
HTGC,Hercules Capital Inc,Asset Management,0.34129694,0.17035775,6.650544,13.879923,24.488356,-6.2699256
HTH,Hilltop Holdings Inc,Financial Conglomerates,0.36036035,1.6953573,-0.86448,2.9846804,12.59024,14.879199
HTHT,H World Group Limited ADR,Lodging,0.5102041,-1.4552069,-7.0156617,1.9524817,-13.544784,-7.8852286
HTLD,Heartland Express Inc,Trucking,0.562249,2.3712182,-2.3400936,-13.296399,29.740932,38.64895
HTO,H2O America,Utilities - Regulated Water,0.144277,-2.8309224,-1.1707008,10.195802,10.959147,27.51582
HUBB,Hubbell Inc,Electrical Equipment & Parts,-0.8702925,-3.613425,-13.041841,-16.261528,-7.8214993,-1.2564455
HUBG,Hub Group Inc,Integrated Freight & Logistics,-5.1332955,-5.3480477,-15.25209,-24.577227,-3.948313,-21.497301
HUBS,HubSpot Inc,Software - Application,-3.4515781,5.1131673,12.450621,37.453842,-6.5105677,-39.705956
HUM,Humana Inc,Healthcare Plans,-2.555157,-0.8499575,3.2031434,9.973659,133.4432,54.85105
HUN,Huntsman Corp,Chemicals,-0.86021507,-3.7578287,-10.57226,-23.612263,-11.431316,-7.8
HURN,Huron Consulting Group Inc,Consulting Services,-1.4639136,2.9865704,3.916942,70.207596,18.68792,-10.855358
HUT,Hut 8 Corp,Capital Markets,-4.433227,-9.205588,-1.079055,-30.014465,83.5019,89.57336
HWC,Hancock Whitney Corp,Banks - Regional,0.27733755,2.0153165,-3.6910198,8.100798,23.886442,19.236809
HWKN,Hawkins Inc,Specialty Chemicals,0.67953926,-3.0793777,-7.661321,-24.750696,-8.1569395,-14.479797
HWM,Howmet Aerospace Inc,Aerospace & Defense,-1.0830802,-3.4175909,-22.291782,-19.084492,-2.8285973,9.584431
HXL,Hexcel Corp,Aerospace & Defense,0.37354428,1.039593,-11.387003,-6.4222064,15.924376,23.626522
HYMC,Hycroft Mining Holding Corp,Gold,0.729927,-9.250329,-21.352583,-20.415224,-31,-12.91544
HYT,BlackRock Corporate High Yield Fund Inc,Closed-End Fund - Debt,-1.1152416,-3.1553397,-4.4311376,-6.2279673,-4.88677,-10.337079
HZO,Marinemax Inc,Specialty Retail,0.5554491,0.63254744,0.4784689,50.214592,112.46459,116.673546
IAG,Iamgold Corp,Gold,-0.7579586,-4.3816943,3.097113,16.350712,22.215307,19.102486
IART,Integra Lifesciences Holdings Corp,Medical Devices,-0.12730744,-3.4461539,-11.155153,-10.750854,75.50336,26.328503
IAUX,i-80 Gold Corp,Gold,0,-4.519774,2.4242425,9.032258,33.070866,15.753425
IBCP,"Independent Bank Corp (Ionia, MI)",Banks - Regional,0.43022317,1.6050054,-2.6836894,8.860391,16.791744,14.817092
IBKR,Interactive Brokers Group Inc,Capital Markets,-2.1487603,-1.6393442,-5.862398,-7.5,35.634644,38.08117
IBM,International Business Machines Corp,Information Technology Services,-0.28905216,3.5133784,8.529605,-0.293055,2.7298672,-16.150703
IBN,ICICI Bank Ltd ADR,Banks - Regional,-2.939166,-2.1364577,-3.4013605,1.6463851,8.895705,-4.6979866
IBOC,International Bancshares Corp,Banks - Regional,-0.37625417,1.2462823,-2.2559476,-2.8140295,7.2618155,7.600843
IBP,Installed Building Products Inc,Residential Construction,-0.32950574,-5.1771636,-18.025785,-8.526918,-22.85637,-23.034813
IBRX,ImmunityBio Inc,Biotechnology,-2.7479093,0.99255586,2.7777777,10.597826,-3.8961039,311.1111
IBTA,Ibotta Inc,Software - Application,-0.8254717,7.462305,17.000557,36.926083,53.355217,84.9978
ICE,Intercontinental Exchange Inc,Financial Data & Stock Exchanges,-0.53882724,0.25559106,1.6784395,17.194502,-0.9657262,-3.1242282
ICFI,ICF International Inc,Consulting Services,0.58896816,3.0397959,2.6705203,33.528793,34.785248,4.1148887
ICHR,Ichor Holdings Ltd,Semiconductor Equipment & Materials,-0.56442195,-11.731168,-28.913315,-48.18984,9.096733,177.21107
ICL,ICL Group Ltd,Agricultural Inputs,1.2704175,-5.102041,2.1978023,8.560311,13.184585,-2.2767076
ICLR,Icon Plc,Diagnostics & Research,2.0837033,8.112344,1.7704338,18.116438,72.96891,-5.361651
ICUI,ICU Medical Inc,Medical Instruments & Supplies,-1.0913706,-3.1801243,-14.5909815,11.04937,24.345884,9.25913
IDA,Idacorp Inc,Utilities - Regulated Electric,-0.9407197,-2.6201835,-6.213331,-6.806209,-2.0667257,4.835651
IDCC,Interdigital Inc,Software - Application,-4.201187,-3.9075854,-6.403743,10.147278,0.11974577,2.4184935
IDT,IDT Corp,Telecom Services,0,4.4872737,6.86127,28.148684,49.327168,38.68385
IDXX,Idexx Laboratories Inc,Diagnostics & Research,0.22960986,-0.85800254,-6.475123,-9.137327,-11.525136,-24.507412
IDYA,Ideaya Biosciences Inc,Biotechnology,-0.9729161,-1.7992177,3.065134,20.589176,14.992367,8.938386
IE,Ivanhoe Electric Inc,Copper,-3.8302279,-14.770642,-12.275732,-18.508772,-17.714792,-41.86483
IEP,Icahn Enterprises L P,Oil & Gas Refining & Marketing,-0.9929078,2.1961932,-1.8284107,-4.2524004,-7.549669,-7.549669
IESC,IES Holdings Inc,Engineering & Construction,-2.5473323,-4.0811925,-21.555243,-12.573169,42.538048,60.09974
IEX,Idex Corp,Specialty Industrial Machinery,0.31511658,-1.0039983,-7.3006363,-0.92917794,21.036337,25.233225
IFF,International Flavors & Fragrances Inc,Specialty Chemicals,0.9708738,-0.08302692,2.94513,9.801877,26.448513,25.00371
IFS,Intercorp Financial Services Inc,Banks - Regional,-0.8595464,-0.76880836,-0.78696924,-5.359637,15.487857,27.974504
IGIC,International General Insurance Holdings Ltd,Insurance - Diversified,-0.97125095,-2.3371646,-2.8582318,2.8237193,13.339262,1.5942607
IHG,Intercontinental Hotels Group ADR,Lodging,-1.1151937,-0.85315406,-4.274571,-10.302889,18.693903,8.925655
IHS,IHS Holding Ltd,Real Estate Services,0.23696682,0,1.5606242,3.9312038,3.045067,13.404826
IIPR,Innovative Industrial Properties Inc,REIT - Industrial,-0.05315379,-0.9829735,1.09319,-5.352349,9.300523,19.108953
ILMN,Illumina Inc,Diagnostics & Research,6.7624035,8.434146,15.095658,37.275368,78.79031,69.48003
IMAX,Imax Corp,Entertainment,-1.2352611,2.2674417,0.7253293,19.039026,43.826656,42.775974
IMCR,Immunocore Holdings plc ADR,Biotechnology,-2.1102896,-7.8183928,-9.343795,11.101398,6.235373,-8.455776
IMKTA,Ingles Markets Inc,Grocery Stores,-0.53492004,2.2047925,-4.363153,-5.3585725,-0.97534704,20.707512
IMMX,Immix Biopharma Inc,Biotechnology,-0.5733006,-1.3809911,7.0546737,39.220184,33.260155,132.12238
IMNM,Immunome Inc,Biotechnology,-2.443992,-8.30781,-12.591241,27.801495,19.690155,11.499069
IMO,Imperial Oil Ltd,Oil & Gas Integrated,2.6701055,2.8417294,0.3484579,20.257664,6.903088,56.818443
IMOS,Chipmos Technologies Inc ADR,Semiconductors,-1.4930944,-9.60781,-7.799808,-20.726946,38.059116,78.13027
IMTX,Immatics N.V,Biotechnology,-0.23201856,-5.5982437,-7.027027,-12.065439,-8.801697,-18.095238
IMVT,Immunovant Inc,Biotechnology,-2.6818905,-5.419355,-16.15191,3.7068477,59.48651,44.177814
INBX,Inhibrx Biosciences Inc,Biotechnology,-4.3993845,-6.423888,14.781002,13.498119,73.358505,33.683544
INCY,Incyte Corp,Biotechnology,-0.36827892,-3.38862,-1.4251012,23.946243,34.104427,23.25605
INDB,Independent Bank Corp,Banks - Regional,0.25170803,1.6158426,-2.7894003,3.1955583,11.967872,14.449918
INDV,Indivior Pharmaceuticals Inc,Drug Manufacturers - Specialty & Generic,-0.72526836,-1.5818235,-12.4360285,-10.652741,16.79181,-4.626533
INFQ,Infleqtion Inc,Software - Infrastructure,0.5555556,-4.449472,-5.51827,-6.3562455,43.813847,0
INFY,Infosys Ltd ADR,Information Technology Services,-2.413793,3.568161,-2.5817556,7.0955534,-13.719512,-36.47587
ING,ING Groep NV ADR,Banks - Diversified,-0.48701298,0.35470667,3.2276173,17.283163,46.300716,31.357143
INGM,Ingram Micro Holding Corp,Information Technology Services,-1.9739293,0.22848439,-5.9664164,-6.9964666,18.933575,23.336458
INGR,Ingredion Inc,Packaged Foods,0.44611174,-1.6382049,-4.3633556,1.1640968,-9.243313,-10.14874
INIO,Innio NV,Specialty Industrial Machinery,1.9484241,-14.388835,-36.73542,-52.496662,0,0
INMD,Inmode Ltd,Medical Devices,-0.13431834,0.540906,-0.99866843,10.970149,9.903917,1.2253233
INNV,InnovAge Holding Corp,Medical Care Facilities,1.3927577,-0.9972801,2.3430178,21.73913,40.903225,110.404625
INOD,Innodata Inc,Information Technology Services,-1.5749457,-0.4941435,-15.443234,-43.06806,24.530462,6.7124634
INR,Infinity Natural Resources Inc,Oil & Gas E&P,1.242236,-3.6136663,5.9205775,14.698983,-16.314888,-0.40733197
INSM,Insmed Inc,Biotechnology,-4.293695,-6.89441,-6.5461345,25.177452,-11.823529,-31.0963
INSP,Inspire Medical Systems Inc,Medical Devices,0.3767492,12.2142,30.373995,75.07627,38.868206,-19.115255
INSW,International Seaways Inc,Oil & Gas Midstream,1.7951626,2.9822214,9.536397,27.51805,59.02583,121.91555
INTA,Intapp Inc,Software - Application,-1.2901527,-2.9761906,-2.5980775,70.099815,45.705402,-18.179834
INTC,Intel Corp,Semiconductors,-0.051445622,-8.565512,-6.1358585,-27.502052,121.42694,163.25203
INTR,Inter & Co Inc,Banks - Regional,-2.5089605,-0.729927,2.8355389,0,-30.25641,-35.849056
INTU,Intuit Inc,Software - Application,-2.9131653,4.8830986,-1.886174,23.322098,-27.721924,-50.292866
INVA,Innoviva Inc,Biotechnology,-0.28708133,-1.3724562,-0.57251906,-7.336594,-3.9631336,4.252126
INVH,Invitation Homes Inc,REIT - Residential,0.18122508,-1.9162526,-6.9046817,-2.7103133,13.325133,-0.5397625
INVX,Innovex International Inc,Oil & Gas Equipment & Services,2.991747,0.3686327,-2.7281585,17.129448,24.739693,36.945587
IOND,Ionic Digital Inc,Capital Markets,2.2414224,7.0679255,22.48725,0,0,0
IONQ,IonQ Inc,Computer Hardware,-1.2,-2.857892,-20.90094,-34.482758,18.75,-17.428125
IONS,Ionis Pharmaceuticals Inc,Biotechnology,-8.145412,-15.655123,-19.409859,-36.252026,-33.44133,-40.273037
IOSP,Innospec Inc,Specialty Chemicals,-0.1522401,-1.8702576,-2.142172,10.98755,39.353466,19.963417
IOT,Samsara Inc,Software - Infrastructure,-2.9363785,7.761966,6.794872,31.429474,25.716873,17.489422
IOVA,Iovance Biotherapeutics Inc,Biotechnology,1.0799136,11.032028,31.830986,139.38618,153.65854,242.85715
IP,International Paper Co,Packaging & Containers,-0.7591241,-1.8764434,-15.5737705,-7.6860404,0.6812796,-13.709064
IPAR,Interparfums Inc,Household & Personal Products,-1.838465,-1.4603118,-1.6013598,11.000101,22.265451,29.659319
IPGP,IPG Photonics Corp,Semiconductor Equipment & Materials,0.32042724,-6.4142485,-14.710556,-36.32743,-34.864773,4.944134
IQMX,IQM Quantum Computers Oyj ADR,Computer Hardware,-5.193483,-10.480769,-6.149194,0,0,0
IQV,IQVIA Holdings Inc,Diagnostics & Research,1.5056273,4.9381275,11.784945,60.737915,62.38333,19.635332
IR,Ingersoll Rand Inc,Specialty Industrial Machinery,-0.30500486,-2.2696385,-12.6351595,-7.701194,-11.647622,-9.227468
IRDM,Iridium Communications Inc,Telecom Services,1.9705501,0.063748404,-5.914086,5.6540275,85.3937,170.94362
IREN,IREN Ltd,Capital Markets,-3.6831133,-8.353538,-7.3942094,-30.653769,0.70234925,10.087371
IRM,Iron Mountain Inc,REIT - Specialty,-0.01784758,-2.7599375,-13.749038,-12.352343,12.478667,35.06932
IRMD,Iradimed Corp,Medical Devices,-0.14540167,-1.3762566,-6.3735514,-10.618221,-17.175879,-15.285773
IRON,Disc Medicine Inc,Biotechnology,-2.3505514,-12.0376425,-15.927546,-4.9300747,15.695375,-15.249969
IRS,Irsa Inversiones Y Representaciones SA ADR,Real Estate Services,0.655308,-0.64683056,4.9180326,-7.5812273,12.775331,-7.13422
IRT,Independence Realty Trust Inc,REIT - Residential,-1.1082138,-0.39395928,-8.9982,-4.108723,0.33068782,-13.215103
IRTC,iRhythm Holdings Inc,Medical Devices,-2.4755929,-6.4313793,-4.31064,6.9087434,-3.7839696,-36.9477
ISRG,Intuitive Surgical Inc,Medical Instruments & Supplies,-0.20638196,6.7716002,-3.374068,-7.281577,-21.091282,-33.406315
IT,Gartner Inc,Information Technology Services,-0.73577917,15.280807,9.169039,53.439484,21.194473,-22.459173
ITGR,Integer Holdings Corp,Medical Devices,0.06342662,0.27808675,0.9034218,38.7533,50.071342,60.920567
ITRI,Itron Inc,Scientific & Technical Instruments,0.44618565,-2.4828315,-8.259616,14.218537,1.1174408,-0.60305834
ITRN,Ituran Location And Control Ltd,Scientific & Technical Instruments,-0.03878224,0.44816837,-2.4228659,-21.285692,6.0917883,19.855848
ITT,ITT Inc,Specialty Industrial Machinery,-0.7568922,-0.13618481,-9.926755,0.599563,8.374843,14.108697
ITUB,Itau Unibanco Holding SA ADR,Banks - Regional,0.36452004,2.227723,12.228261,6.033376,5.357143,15.363129
ITW,Illinois Tool Works Inc,Specialty Industrial Machinery,-0.16354446,1.7462783,-6.502367,1.7077512,4.2378144,9.053999
IVA,Inventiva ADR,Biotechnology,-0.5154639,-13.258427,-17.872341,8.123249,-33.217995,-16.989246
IVT,InvenTrust Properties Corp,REIT - Retail,-1.5757958,-3.4024127,-6.5529623,-9.030003,2.092187,10.705423
IVZ,Invesco Ltd,Asset Management,-2.3167248,-4.0822687,-5.495855,9.381663,32.615253,17.167871
IX,Orix Corp ADR,Financial Conglomerates,-0.6259389,1.7170682,-1.0964366,-1.1457036,34.63365,35.831623
J,Jacobs Solutions Inc,Engineering & Construction,0.5830499,2.229277,0.8911787,19.790031,12.823108,9.399064
JAN,Janus Living Inc,REIT - Residential,1.6736401,1.9032258,3.8803024,20.480549,33.85593,0
JANX,Janux Therapeutics Inc,Biotechnology,-5.0259967,-14.950853,1.1070111,15.6118145,16.927454,19.130434
JAZZ,Jazz Pharmaceuticals plc,Biotechnology,-2.0498638,-0.19891426,-3.0318892,7.197543,33.33518,41.664707
JBGS,JBG SMITH Properties,REIT - Diversified,-1.0666667,-0.536193,-2.282704,-21.398306,-25.601604,-34.5679
JBHT,J.B. Hunt Transport Services Inc,Integrated Freight & Logistics,-0.7054802,1.9604182,-3.6418817,0.674729,36.5728,40.501183
JBIO,Jade Biosciences Inc,Biotechnology,-4.40044,-8.814271,-25.884861,3.3293698,24.142857,12.637719
JBL,Jabil Inc,Electronic Components,-0.8938136,-4.9201913,-19.962692,-20.390985,16.725151,29.835102
JBLU,Jetblue Airways Corp,Airlines,-2.0642202,-2.5114155,-18.51145,-24.823944,5.955335,-6.1538463
JBS,JBS NV,Packaged Foods,-1.8385292,-2.3847377,-8.630953,2.9337804,-13.824561,-14.840499
JBSS,Sanfilippo (John B.) & Son Inc,Packaged Foods,-1.4712245,-3.2984145,-18.474758,-12.467965,-8.247146,-3.243626
JBTM,JBT Marel Corp,Specialty Industrial Machinery,-0.3667591,-2.2382164,-6.1905165,-15.990345,-12.299212,-26.076857
JCAP,Jefferson Capital Inc,Credit Services,-2.5569503,-2.737819,-11.3742075,20.876585,8.096957,-6.1772604
JCI,Johnson Controls International plc,Building Products & Equipment,0.38472706,-4.574938,-10.154626,-4.5090456,6.6229763,15.482255
JD,JD.com Inc ADR,Internet Retail,-0.6236244,0.33333334,-4.9473686,-1.7410228,-0.660066,-5.609756
JEF,Jefferies Financial Group Inc,Capital Markets,-2.5349302,-11.619909,-10.502199,-21.36876,28.061893,-21.203808
JFR,Nuveen Floating Rate Income Fund,Closed-End Fund - Debt,-1.1952192,-2.9986963,-2.617801,-2.4901705,0.13458951,-4.980843
JHX,James Hardie Industries plc,Building Materials,-4.48288,-6.39917,-11.074597,8.80579,42.72152,30.40964
JJSF,J&J Snack Foods Corp,Packaged Foods,-3.141487,-1.7872341,-7.621934,8.313221,8.371345,-10.611929
JKHY,Jack Henry & Associates Inc,Information Technology Services,-6.368885,-2.7826855,2.8024287,22.05498,-6.8387957,-15.56883
JLL,Jones Lang Lasalle Inc,Real Estate Services,-0.7306069,-1.4904679,-7.904188,14.71627,16.078966,1.3582191
JMIA,Jumia Technologies Ag ADR,Internet Retail,-0.40871936,-2.7925532,15.4818325,3.8352273,7.0278187,-41.47318
JMKE,Jersey Mike's Subs Inc,Restaurants,-4.6415443,-7.241842,-7.9822617,0,0,0
JNJ,Johnson & Johnson,Drug Manufacturers - General,0.33042955,0.044930357,1.8409117,16.992863,13.523389,29.113312
JOBY,Joby Aviation Inc,Airports & Air Services,-2.6984127,-4.517134,-22.50316,-38.7,-33.586132,-53.560608
JOE,St. Joe Co,Real Estate - Diversified,-0.6025027,0.7674236,-5.0752435,-2.4264483,1.1317196,8.371231
JOYY,JOYY Inc ADR,Internet Content & Information,0.12956725,4.8433046,4.971475,17.589775,31.51804,19.332922
JPC,Nuveen Preferred & Income Opportunities Fund,Closed-End Fund - Debt,-1.1315417,-2.6462395,-8.746737,-10.613811,-10.03861,-13.810111
JPM,JPMorgan Chase & Co,Banks - Diversified,0.6740354,-0.6258634,-2.3465204,8.385093,23.007399,9.394203
JXN,Jackson Financial Inc,Insurance - Life,-0.41072202,0.11590004,3.8002253,29.397997,34.119358,29.592123
KAI,Kadant Inc,Specialty Industrial Machinery,-0.650954,-8.8206005,-19.458935,-12.785314,-10.404859,-6.827591
KALU,Kaiser Aluminum Corp,Aluminum,0.6104924,-10.417538,-19.153639,-17.937073,40.106503,30.567648
KARD,Kardigan Inc,Biotechnology,-2.5721784,-5.6910567,-9.683699,-15.636364,0,0
KARO,Karooooo Ltd,Software - Application,-0.40160644,4.920088,7.6354284,41.50465,46.552856,47.164837
KB,KB Financial Group Inc ADR,Banks - Regional,-2.475918,2.2971265,7.713407,21.373045,29.086563,50.615993
KBDC,Kayne Anderson BDC Inc,Asset Management,-0.07674597,-0.38255548,-2.2522523,-5.788712,-4.475422,-9.078213
KBH,KB Home,Residential Construction,-0.10086746,-0.4222803,-10.67821,-8.634686,-3.1867058,-12.214147
KBR,KBR Inc,Engineering & Construction,1.4130435,3.2650802,-0.61251664,13.711152,0.08045052,-7.1641793
KC,Kingsoft Cloud Holdings Ltd ADR,Software - Application,-3.1536114,-6.7580805,-16.41791,-5.367793,-28.259232,-7.9303675
KD,Kyndryl Holdings Inc,Information Technology Services,-2.431835,1.7678709,4.0880504,20.363636,8.435708,-50.150604
KDK,Kodiak AI Inc,Software - Infrastructure,1.8716577,-1.2953368,-8.192771,-36.81592,-48.995983,-65.10989
KDP,Keurig Dr Pepper Inc,Beverages - Non-Alcoholic,-0.2849905,-1.8391521,3.996037,2.3732119,18.42798,12.424134
KEEL,Keel Infrastructure Corp,Information Technology Services,-4.927536,-11.590297,-12.997348,-47.853737,0,0
KEN,Kenon Holdings Ltd,Utilities - Independent Power Producers,-3.7319236,-10.573451,-4.709866,-9.739029,-26.315163,-6.6355
KEP,Korea Electric Power Corp ADR,Utilities - Regulated Electric,-1.0380623,-6.3063064,-3.1329381,-12,-28.455284,-30.666666
KEX,Kirby Corp,Marine Shipping,0.3393747,0.2814462,-1.5375894,-1.1945393,6.466442,26.120893
KEY,Keycorp,Banks - Regional,-1.0487916,-0.13805798,-5.8159723,-3.9397964,11.798042,5.1356587
KEYS,Keysight Technologies Inc,Scientific & Technical Instruments,-0.508001,-5.3321652,-13.232729,-13.83397,12.910316,54.22019
KFRC,Kforce Inc,Staffing & Employment Services,-0.7652573,1.0126582,-9.095689,14.276273,96.62623,67.7555
KFY,Korn Ferry,Staffing & Employment Services,-0.68895125,-4.05522,-6.2733293,8.928072,26.03627,17.903666
KGC,Kinross Gold Corp,Gold,-0.49680623,-7.244459,1.1544012,5.136858,5.6518464,-0.42613637
KGS,Kodiak Gas Services Inc,Oil & Gas Equipment & Services,1.9074532,-9.914129,-12.734423,-16.59439,3.2200358,54.278076
KHC,Kraft Heinz Co,Packaged Foods,1.895344,0.48760667,-0.08080808,8.369851,14.649977,1.9793814
KIM,Kimco Realty Corp,REIT - Retail,-0.9905254,-2.460755,-5.623974,-5.7013946,2.9095793,13.418845
KKR,KKR & Co Inc,Asset Management,-2.2196147,-3.929292,-8.113571,3.0821564,11.111111,-21.556322
KLAC,KLA Corp,Semiconductor Equipment & Materials,-0.6327991,-8.140615,-18.341757,-35.267376,12.11274,38.27896
KLAR,Klarna Group plc,Credit Services,-0.98245615,1.6570605,-27.678114,-25.106157,11.895321,-51.19336
KLIC,Kulicke & Soffa Industries Inc,Semiconductor Equipment & Materials,-0.8307111,-5.9560757,-22.580328,-35.349144,23.321333,72.93679
KLRA,Kailera Therapeutics Inc,Biotechnology,-2.1818182,-9.366577,-27.336575,-32.41206,0,0
KMB,Kimberly-Clark Corp,Household & Personal Products,-0.41881117,-0.02532928,-8.558058,-3.7880266,0.4837067,-2.1954603
KMI,Kinder Morgan Inc,Oil & Gas Midstream,-0.6136951,-2.0375676,-4.8252397,-2.5957582,-6.3032885,11.931611
KMPR,Kemper Corp,Insurance - Property & Casualty,-0.28673837,2.1667278,6.1426935,11.146624,-6.298417,-31.37642
KMT,Kennametal Inc,Tools & Accessories,-0.37389532,-1.1133603,-7.8591638,-19.300661,-14.097303,3.1678987
KMTS,Kestra Medical Technologies Ltd,Medical Instruments & Supplies,4.6550293,4.61155,-9.489575,26.342197,31.83246,-5.05279
KMX,Carmax Inc,Auto & Truck Dealerships,-2.9664452,-0.71321946,2.2723389,11.554231,43.000477,54.917183
KN,Knowles Corp,Electronic Components,0.4911875,-2.9575894,-10.797641,-15.929418,43.71901,62.29585
KNF,Knife River Corp,Building Materials,0.15937667,-2.4322925,-15.138784,-34.415585,-30.086527,-19.60199
KNSA,Kiniksa Pharmaceuticals International Plc,Drug Manufacturers - Specialty & Generic,-1.8673283,-4.2919,-5.089669,36.363636,63.085938,82.181816
KNSL,Kinsale Capital Group Inc,Insurance - Property & Casualty,1.4592322,2.669633,0.5556161,19.54023,12.4889555,-5.6044183
KNTK,Kinetik Holdings Inc,Oil & Gas Midstream,0.2749771,0.2749771,3.2465081,17.558565,19.224062,51.733704
KNX,Knight-Swift Transportation Holdings Inc,Trucking,0.08768084,-0.4361099,-5.9203296,-7.633176,28.547297,31.00612
KO,Coca-Cola Co,Beverages - Non-Alcoholic,-0.7162843,1.3249571,1.988963,11.739513,18.675585,26.891718
KOD,Kodiak Sciences Inc,Biotechnology,-0.45262522,-2.338662,-19.497316,-8.7161045,48.269665,17.989986
KODK,Eastman Kodak Co,Specialty Business Services,0.54704595,1.9977802,-7.8234706,-2.2340426,17.369093,8.628841
KOF,Coca-Cola Femsa SAB de CV ADR,Beverages - Non-Alcoholic,-0.45531648,2.1436424,2.5853345,1.7800092,17.83978,17.7278
KOP,Koppers Holdings Inc,Specialty Chemicals,-0.45652175,-0.58619195,-3.4984193,4.710725,30.455841,69.09158
KOPN,Kopin Corp,Electronic Components,-0.22988506,1.8779342,-18.421053,-11.9675455,119.19192,85.470085
KOS,Kosmos Energy Ltd,Oil & Gas E&P,5.821918,7.6655054,18.846153,26.12245,8.802817,240.53339
KPLT,Katapult Holdings Inc,Software - Infrastructure,-0.10810811,-0.7518797,34.989044,46.89984,27.448277,43.034058
KR,Kroger Co,Grocery Stores,2.1999671,10.294118,11.021936,9.962904,-14.959017,-0.3681178
KRC,Kilroy Realty Corp,REIT - Office,-1.1744486,-2.2108843,-4.2464614,-6.275469,22.297058,-7.6799574
KRG,Kite Realty Group Trust,REIT - Retail,-0.9223674,-0.96043026,-2.6435046,-7.6316733,4.796748,7.5511055
KRMN,Karman Holdings Inc,Aerospace & Defense,7.8583765,6.388416,-39.349304,-25.610483,-62.296238,-48.79049
KRO,Kronos Worldwide Inc,Specialty Chemicals,1.6149068,-3.3096926,1.1124846,19.590643,51.48148,85.06787
KRP,Kimbell Royalty Partners LP,Oil & Gas E&P,0.7412399,-1.4502307,-0.13360053,1.2186866,3.4602077,27.12585
KRT,Karat Packaging Inc,Packaging & Containers,0.5899105,5.504587,3.4518828,63.471073,83.08034,119.096146
KRYS,Krystal Biotech Inc,Biotechnology,-0.9852072,-3.2778878,0.28296548,-3.2695513,33.773045,36.56202
KSPI,Kaspi.kz JSC ADR,Software - Infrastructure,-1.7117834,-1.24,-0.2927814,20.138678,36.843563,26.40471
KSS,Kohl's Corp,Department Stores,-4.7175307,-6.6210046,-15.145228,-5.1594205,31.617056,-19.843214
KT,KT Corp ADR,Telecom Services,-0.6509765,0.5065856,4.4210525,8.296944,-8.31793,4.586189
KTB,Kontoor Brands Inc,Apparel Manufacturing,-0.62296057,-0.23823705,-18.062859,-14.28937,0.014927601,9.674252
KTOS,Kratos Defense & Security Solutions Inc,Aerospace & Defense,0.08406894,1.8827556,-24.759047,-12.156428,-43.724888,-37.26782
KURA,Kura Oncology Inc,Biotechnology,-2.249135,-6.534326,0.17730497,13.7965765,36.803875,8.758422
KVUE,Kenvue Inc,Household & Personal Products,0.05583473,0.9577465,-4.630122,-1.1037527,2.9885058,3.884058
KVYO,Klaviyo Inc,Software - Application,-2.413793,4.3638597,-3.1927023,28.150944,-8.61141,-47.705574
KWR,Quaker Houghton,Specialty Chemicals,0.5725812,-0.32886252,-9.055072,2.923159,34.713264,12.570097
KYIV,Kyivstar Group Ltd,Telecom Services,-3.0014641,-3.425656,0.99085367,-6.4265537,31.188118,2.0801232
KYMR,Kymera Therapeutics Inc,Biotechnology,-1.2911105,-1.9752231,-6.8033934,25.124405,45.231678,45.418327
KYN,Kayne Anderson Energy Infrastructure Fund Inc,Closed-End Fund - Equity,-1.1509817,-2.4716098,-1.0169492,10.022608,4.5096636,17.932148
L,Loews Corp,Insurance - Property & Casualty,0.00915751,0.4876702,-2.8207867,1.7990305,3.4185605,3.703352
LAC,Lithium Americas Corp (NewCo),Other Industrial Metals & Mining,-2.768166,-11.912226,-10.793651,-35.69794,-24.25876,-35.550457
LAD,Lithia Motors Inc,Auto & Truck Dealerships,-3.9858994,-5.9311433,-6.38937,17.31728,42.349792,4.0863
LADR,Ladder Capital Corp,REIT - Mortgage,-0.51975054,-2.247191,-3.137652,-6.1764708,-2.047083,-12.920837
LAMR,Lamar Advertising Co,REIT - Specialty,-1.3085859,-0.6786266,-2.9925187,-1.2228533,18.664206,16.779902
LAR,Lithium Argentina AG,Other Industrial Metals & Mining,-4.5454545,-16.12426,-14.090909,-37.82895,-1.7331022,1.6129032
LASR,nLIGHT Inc,Semiconductors,-1.3784136,-7.4896317,-29.777779,-41.418198,-42.335766,1.0930419
LAUR,Laureate Education Inc,Education & Training Services,0.083728716,-0.33351862,-4.9058604,-1.5646446,7.720036,6.5043063
LAZ,Lazard Inc,Capital Markets,-2.7931554,-9.46801,-11.702857,-12.799097,-1.5796179,-20.448929
LB,Landbridge Company LLC,Oil & Gas E&P,0.90236,0.35669082,9.724494,36.387802,22.931643,78.03633
LBRT,Liberty Energy Inc,Oil & Gas Equipment & Services,-0.30721965,-11.740707,-12.455036,-28.366446,-38.09221,5.471289
LBRX,LB Pharmaceuticals Inc,Biotechnology,-4.014273,-9.712607,-6.9002814,43.466667,82.91543,93.3513
LBTYA,Liberty Global Ltd,Telecom Services,-1.0377358,-0.19029495,1.1571842,-6.339286,-10.265183,-5.8348293
LBTYK,Liberty Global Ltd,Telecom Services,-3.0769231,-2.655722,-0.1980198,-6.580167,-11.345647,-8.695652
LCID,Lucid Group Inc,Auto Manufacturers,-0.96153843,-3.5128806,-33.76206,-23.134329,-59.045727,-61.02176
LCII,LCI Industries,Recreational Vehicles,-2.8717153,-8.788005,-15.866308,-4.699739,-25.434116,-27.806164
LCLN,Lincoln International Inc,Capital Markets,-1.454681,0.41809198,5.7646117,11.288963,0,0
LDOS,Leidos Holdings Inc,Information Technology Services,-2.7027028,0.8584361,-9.14587,20.649738,-22.083559,-28.359201
LEA,Lear Corp,Auto Parts,-2.087375,-0.5908769,1.0329089,-9.7101965,11.1914,10.1047125
LECO,Lincoln Electric Holdings Inc,Tools & Accessories,0.96113664,-6.5704184,-11.306902,-7.829815,1.5857761,5.858788
LEGN,Legend Biotech Corp ADR,Biotechnology,-4.6411223,-11.2506275,-14.430993,-36.734695,1.4933946,-18.72125
LEN,Lennar Corp,Residential Construction,0.1000125,-0.85438335,-7.4763117,-10.76563,-11.573716,-22.110895
LEU,Centrus Energy Corp,Uranium,-2.8239317,-21.692656,-22.81121,-25.743246,-23.902334,-41.45658
LEVI,Levi Strauss & Co,Apparel Manufacturing,-2.026693,-2.6044226,-12.184316,-16.371307,10.540993,-4.4358726
LFST,LifeStance Health Group Inc,Medical Care Facilities,-2.3916292,3.4865294,4.063745,45.4343,104.0625,85.51136
LFTO,Liftoff Mobile Inc,Advertising Agencies,-1.9323672,-1.2432432,-6.451613,-31.444653,0,0
LFUS,Littelfuse Inc,Electronic Components,-0.14133206,-6.234893,-16.137852,-17.537827,23.396227,56.440773
LGIH,LGI Homes Inc,Residential Construction,-0.31409502,-2.7203064,-13.374275,-10.440917,48.306076,18.20298
LGN,Legence Corp,Engineering & Construction,0.47366425,-3.9659543,-24.286121,-38.027348,8.60127,23.210966
LGND,Ligand Pharmaceuticals Inc,Biotechnology,-1.3076786,-3.843083,-5.0690613,0.7639697,35.237537,46.496006
LH,Labcorp Holdings Inc,Diagnostics & Research,2.7465034,0.8938026,0.19484134,26.639826,23.18251,29.13345
LHX,L3Harris Technologies Inc,Aerospace & Defense,0.29325512,-0.2995088,-10.3168335,-15.3178215,-29.244722,-14.957251
LI,Li Auto Inc ADR,Auto Manufacturers,-3.36894,-1.2594458,-5.2377114,-10.976533,-29.58084,-30.537508
LIF,Life360 Inc,Software - Application,-4.7425475,0.2138275,-15.942607,-13.953488,5.9000754,-34.237606
LIFE,Ethos Technologies Inc,Insurance Brokers,2.3373983,1.4098691,14.5294285,150.6534,308.93402,0
LII,Lennox International Inc,Building Products & Equipment,-0.9083199,-3.6164777,-12.962296,-31.974155,-22.589125,-25.410849
LILA,Liberty Latin America Ltd,Telecom Services,0.11273957,2.6589596,4.347826,85,25.070423,32.17826
LILAK,Liberty Latin America Ltd,Telecom Services,0.5681818,2.5492468,4.85782,84.75992,24.170443,30.496328
LIME,Neutron Holdings Inc,Rental & Leasing Services,-0.7809958,-10.560282,-18.541277,0,0,0
LIN,Linde Plc,Specialty Chemicals,-0.31222412,-0.7907425,-2.3970654,-9.604608,-5.1602993,8.576655
LINC,Lincoln Educational Services Corp,Education & Training Services,1.8021626,5.084746,-11.490251,-47.51187,-32.068413,5.258799
LIND,Lindblad Expeditions Holdings Inc,Travel Services,0.34615386,2.8988366,-20.384499,1.3203883,51.77429,80.92927
LINE,Lineage Inc,REIT - Industrial,-0.5812452,2.3809524,-5.67402,-6.9961333,9.550242,9.957143
LION,Lionsgate Studios Corp,Shell Companies,-3.783319,1.1754068,-6.359833,-27.759846,21.366594,22.562979
LITE,Lumentum Holdings Inc,Communication Equipment,0.47064176,-15.169165,-13.411085,-1.2988235,18.77398,127.613335
LIVN,LivaNova PLC,Medical Devices,-1.4386705,0.6841505,-2.466863,1.2356688,27.785818,29.15651
LKFN,Lakeland Financial Corp,Banks - Regional,-0.016458197,0.8801063,-1.7308315,1.4868026,9.855334,6.466877
LKFT,Lakefront Biotherapeutics NV ADR,Biotechnology,4.5301385,1.7863653,1.4534883,-1.3427562,0,0
LKQ,LKQ Corp,Auto Parts,-1.4736842,-3.2658124,-8.05501,-9.302325,-17.197453,-22.516556
LLY,Lilly(Eli) & Co,Drug Manufacturers - General,-0.19063851,1.0585212,-3.9766388,3.4171696,25.301643,5.7161202
LLYVA,Liberty Live Holdings Inc,Entertainment,-0.678426,1.6015375,-6.6051626,0.2317253,8.654944,16.760736
LLYVK,Liberty Live Holdings Inc,Entertainment,-0.46022353,1.526875,-6.896878,-0.050782043,9.235209,18.338142
LMAT,Lemaitre Vascular Inc,Medical Instruments & Supplies,-0.65618426,0.9689191,-2.7511816,-14.592869,-24.522623,-1.0604192
LMND,Lemonade Inc,Insurance - Property & Casualty,-0.5796522,1.0564811,-0.4204204,-15.46567,-22.499222,-30.120821
LMRI,Lumexa Imaging Holdings Inc,Medical Devices,3.3362598,4.3439717,-0.33869603,25.079702,-0.5912162,-36.37838
LMT,Lockheed Martin Corp,Aerospace & Defense,0.7707129,1.7160507,-10.152592,4.405519,-14.97697,10.294209
LNC,Lincoln National Corp,Insurance - Life,-1.3623978,-0.22967386,-2.753526,16.868443,28.482697,-2.447788
LNG,Cheniere Energy Inc,Oil & Gas Midstream,-1.20315,-1.7939333,1.5172517,19.358675,-3.5280714,39.400173
LNN,Lindsay Corp,Farm & Heavy Construction Machinery,0.3971607,-1.7043104,4.182743,-0.24349286,3.3400018,0.79748875
LNT,Alliant Energy Corp,Utilities - Regulated Electric,-1.389719,-2.7556734,-6.1975837,-9.602739,-3.9586668,1.5074604
LNTH,Lantheus Holdings Inc,Drug Manufacturers - Specialty & Generic,0.40869218,0.02979146,-0.17837676,-3.0136724,31.793798,51.35988
LOAR,Loar Holdings Inc,Aerospace & Defense,-1.5959095,-3.8455715,-18.399075,-11.385517,7.226068,-6.602941
LOB,Live Oak Bancshares Inc,Banks - Regional,-0.7106599,0.5655527,-9.6327095,2.2477784,22.825747,13.886463
LOGI,Logitech International SA,Computer Hardware,0.77720207,2.482521,0.01977848,-6.038647,15.036397,0.91798043
LOMA,Loma Negra Compania Industrial Argentina Sociedad Anonima ADR,Building Materials,0.8324662,-4.249012,3.7473233,-19.851116,-3.6779325,-25.173746
LOPE,Grand Canyon Education Inc,Education & Training Services,-0.032577533,1.6092715,8.171179,8.362172,-5.552478,-7.7445736
LOW,Lowe's Cos. Inc,Home Improvement Retail,-1.7964374,-2.0090635,-9.823456,-12.416741,-13.364199,-19.302538
LPG,Dorian LPG Ltd,Oil & Gas Midstream,2.6002166,5.9481635,17.348204,43.62993,73.231705,133.44289
LPL,LG Display Co Ltd ADR,Consumer Electronics,-1.597444,-4.347826,-12.747875,-33.62069,-23.383085,-26.840855
LPLA,LPL Financial Holdings Inc,Capital Markets,-1.1340624,-2.2482839,-7.1863117,16.257868,16.602976,-4.3200717
LPX,Louisiana-Pacific Corp,Building Products & Equipment,-3.0543494,-4.102488,-10.430212,-16.516245,-7.3941646,-19.824171
LQDA,Liquidia Corp,Drug Manufacturers - Specialty & Generic,0.6354797,-4.9189816,-15.418276,-7.5277896,80.49986,90.54798
LQDT,Liquidity Services Inc,Internet Retail,0.7899628,4.833253,1.5687193,14.489311,51.46648,43.121082
LRCX,Lam Research Corp,Semiconductor Equipment & Materials,-0.9579875,-14.238222,-21.22208,-30.37477,18.615345,58.236942
LRN,Stride Inc,Education & Training Services,1.0399033,2.2641048,0.15581925,0.9178744,-1.7634611,28.692438
LSCC,Lattice Semiconductor Corp,Semiconductors,-0.0093896715,-7.7609353,-19.733173,-30.724693,20.16475,44.72683
LSPD,Lightspeed Commerce Inc,Software - Application,-2.769535,0.10183299,-3.9100685,4.574468,12.600229,-18.625828
LSTR,Landstar System Inc,Integrated Freight & Logistics,0.400953,-0.45514777,-10.652601,-16.692383,16.170242,20.236605
LTC,LTC Properties Inc,REIT - Healthcare Facilities,1.9230769,2.1386604,7.2821527,19.49409,18.93815,26.410704
LTGO,Latigo Biotherapeutics Inc,Biotechnology,1.6342757,0.92105263,19.222797,0,0,0
LTH,Life Time Group Holdings Inc,Leisure,-0.14447388,-0.6706587,-8.535509,12.323944,60.363495,56.01956
LTM,LATAM Airlines Group SA ADR,Airlines,-0.80692774,-3.132808,-3.6144578,-9.758281,5.638231,-6.6839476
LU,Lufax Holding Ltd ADR,Credit Services,-6.923077,0,-16.551723,-3.2,-40.97561,-52.734375
LULU,Lululemon Athletica Inc,Apparel Retail,-1.9242274,-1.3537906,-15.007776,-11.988906,-39.583588,-52.66349
LUMN,Lumen Technologies Inc,Telecom Services,-2.8449502,0.29368576,3.799392,-16.707317,5.238829,-12.097812
LUNR,Intuitive Machines Inc,Aerospace & Defense,-0.07204611,-7.161981,-31.94308,-39.29978,-22.209759,-14.540974
LUV,Southwest Airlines Co,Airlines,-0.60728747,1.5511893,-9.388697,-18.115488,-0.32986552,-4.9600773
LUXE,LuxExperience B.V ADR,Luxury Goods,-3.8978496,-2.0547945,-7.0221066,-9.608091,-6.4136124,-14.371258
LVS,Las Vegas Sands Corp,Resorts & Casinos,-2.6650944,-4.754212,-9.156944,-15.291461,-22.029095,-36.59548
LW,Lamb Weston Holdings Inc,Packaged Foods,-2.424368,-2.1608145,-10.287674,4.5051045,17.725,12.413464
LXP,LXP Industrial Trust,REIT - Industrial,0,0.04935834,0.24727993,14.347499,30.60567,22.650263
LXRX,Lexicon Pharmaceuticals Inc,Biotechnology,1.5151515,-6.5116277,-14.102564,0,28.846153,74.78261
LXU,LSB Industries Inc,Chemicals,3.254973,-2.3931625,8.761905,0.35149384,-22.100954,34.35294
LYB,LyondellBasell Industries NV,Specialty Chemicals,4.2709165,1.4261355,1.081415,8.922923,-10.761047,51.108543
LYFT,Lyft Inc,Software - Application,-1.3207548,5.3020134,-8.885017,9.87395,16.48107,-18.998451
LYG,Lloyds Banking Group plc ADR,Banks - Regional,-0.33898306,-0.6756757,-4.390244,6.137184,20.491804,10.943397
LYNX,Lyntris Inc,Aerospace & Defense,0,5.3208137,0,0,0,0
LYV,Live Nation Entertainment Inc,Entertainment,-0.7289055,0.14706747,-7.698981,-0.58397573,14.370172,19.466667
LZ,LegalZoom.com Inc,Specialty Business Services,-0.79617834,7.2289157,14.5220585,13.272727,0.6462036,-37.260826
LZB,La-Z-Boy Inc,"Furnishings, Fixtures & Appliances",-2.0988052,-3.347147,-26.974953,-23.550177,-3.868104,-18.647705
M,Macy's Inc,Department Stores,-2.214349,2.6499302,-4.9095607,-8.533554,23.559038,0.13605443
MA,Mastercard Incorporated,Credit Services,-0.20020194,1.0167401,1.9581689,17.044039,15.50411,0.4186519
MAA,Mid-America Apartment Communities Inc,REIT - Residential,-0.88375795,-2.345466,-5.056437,-6.045283,2.2169309,-10.380822
MAAS,Maase Inc,Asset Management,4.100367,13.2490015,0.7701422,-10,202.66904,215
MAC,Macerich Co,REIT - Retail,-0.40053403,-2.8224056,-9.245742,-5.2898855,23.509933,21.235104
MAIN,Main Street Capital Corp,Asset Management,0.30157885,0.37280312,-2.7687016,10.927997,2.7813125,-6.3752275
MAIR,Madison Air Solutions Corp,Building Products & Equipment,1.0143702,-4.6669326,-19.174839,-37.319695,0,0
MAKO,Mako Mining Corp,Gold,1.192843,-0.7797271,3.4552846,25.524044,0,0
MAN,ManpowerGroup,Staffing & Employment Services,0.74112374,3.0500705,2.9593096,74.21758,119.57175,96.60276
MANE,Veradermics Inc,Biotechnology,2.1533923,4.233972,-4.0011086,10.674336,76.41365,0
MANH,Manhattan Associates Inc,Software - Application,-0.9076298,1.7079087,6.693134,58.46689,52.65074,20.950897
MANU,Manchester United Plc,Entertainment,-1.0406343,-2.2037218,-14.255045,-10.728655,23.195559,25.4397
MAR,Marriott International Inc,Lodging,-0.94577926,1.7253861,-5.4210954,-14.881373,5.4666,8.70294
MARA,MARA Holdings Inc,Capital Markets,-2.2608695,-5.704698,15.697375,-20.9564,32.86052,25.167038
MAS,Masco Corp,Building Products & Equipment,-0.7635787,-0.7206688,-6.8307858,-7.3944607,17.063223,8.540813
MAT,Mattel Inc,Leisure,-4.347826,-2.4709303,-7.9561043,-4.4159546,-9.507754,-32.35887
MATX,Matson Inc,Marine Shipping,0.8367847,5.174998,8.479199,24.764694,53.865997,93.12019
MAZE,Maze Therapeutics Inc,Biotechnology,-1.7835428,-1.423922,-13.309482,-5.6464176,-49.552364,-41.51581
MBC,MasterBrand Inc,"Furnishings, Fixtures & Appliances",-1.5492958,-10.384615,-22.24694,-22.847683,-9.102731,-36.684784
MBGL,Mobility Global Inc,Software - Infrastructure,0.39486673,2.9352226,3.1440163,0,0,0
MBIN,Merchants Bancorp,Banks - Regional,-0.54572827,0.7434236,-3.0986433,7.659401,28.307842,55.16735
MBLY,Mobileye Global Inc,Auto Parts,-2.9411764,-2.2222223,-14.192849,-6.382979,3.937008,-24.137932
MBWM,Mercantile Bank Corp,Banks - Regional,0.7174303,2.3868723,1.030422,14.92093,26.994244,28.419958
MBX,MBX Biosciences Inc,Biotechnology,2.672718,-2.9089174,-10.505494,41.94748,112.97071,93.658844
MC,Moelis & Co,Capital Markets,-2.8384628,-6.820615,-8.691743,-9.303364,12.875139,-11.361652
MCB,Metropolitan Bank Holding Corp,Banks - Regional,-0.8653741,0.3214721,-3.0426397,-2.803136,12.646254,18.517548
MCBS,MetroCity Bankshares Inc,Banks - Regional,0.5362687,1.5393387,-1.4933628,4.2434883,29.480188,34.21251
MCD,McDonald's Corp,Restaurants,-1.8291973,-0.27615592,-4.8017173,-9.271024,-18.154444,-17.29215
MCHB,Mechanics Bancorp,Banks - Regional,0.19379845,0.5184705,-7.402985,5.79809,9.379408,6.0150375
MCHP,Microchip Technology Inc,Semiconductors,0.013989927,-2.0819066,-10.926988,-28.345194,13.530252,12.193974
MCK,Mckesson Corp,Medical Distribution,-1.2503431,0.8837251,4.609731,19.840668,1.5488124,9.663655
MCO,Moody's Corp,Financial Data & Stock Exchanges,-2.253468,-1.5614135,-2.0977848,3.6589966,7.363486,-8.552413
MCRI,Monarch Casino & Resort Inc,Resorts & Casinos,-0.7004398,0.8019843,-1.3991104,-6.689117,26.341969,27.398119
MCS,Marcus Corp,Entertainment,-1.0857763,1.1472983,-8.747913,14.591195,72.10327,76.2089
MCY,Mercury General Corp,Insurance - Property & Casualty,-0.89907193,1.4347912,-3.6379018,-0.1558391,18.058275,8.983627
MD,Pediatrix Medical Group Inc,Medical Care Facilities,-0.81753993,-1.4765596,1.3287776,13.04532,35.482235,24.777933
MDA,MDA Space Ltd,Aerospace & Defense,0.34662044,0.4859424,-17.895632,-26.522842,-7.802548,0
MDB,MongoDB Inc,Software - Infrastructure,-1.2085066,5.382555,-13.911557,13.499624,44.6125,-10.012152
MDGL,Madrigal Pharmaceuticals Inc,Biotechnology,-3.1107655,-4.28054,-0.3067426,3.462185,18.610027,-10.145276
MDLN,Medline Inc,Medical Instruments & Supplies,-1.4728445,-5.6975036,-7.9415135,-10.65665,-24.853733,-23.547619
MDLZ,Mondelez International Inc,Confectioners,-0.4648181,-0.5126562,-0.12865873,3.2934132,10.478562,15.36318
MDT,Medtronic Plc,Medical Devices,-0.053304903,2.0241594,3.4768212,18.16234,8.809193,-2.404747
MDU,MDU Resources Group Inc,Utilities - Regulated Gas,-0.6944444,-5.1046453,-9.625669,-12.682011,-5.394402,-4.764344
MEDP,Medpace Holdings Inc,Diagnostics & Research,4.210544,5.82978,3.9121115,34.828335,37.11962,10.474495
MELI,MercadoLibre Inc,Internet Retail,-3.7521577,-2.525675,2.314315,11.851512,11.809801,-9.200401
MEOH,Methanex Corp,Chemicals,2.7985966,3.524972,12.524001,21.220383,15.342637,62.29859
MESO,Mesoblast Ltd ADR,Biotechnology,-1.864181,-8.674102,-13.396005,2.5748086,2.6462395,-18.292683
MET,Metlife Inc,Insurance - Life,0.48081842,2.6439545,1.5928837,14.769806,43.261375,24.423613
META,Meta Platforms Inc,Internet Content & Information,0.69711536,2.5317812,17.79883,16.115173,12.899639,1.5376691
MFA,MFA Financial Inc,REIT - Mortgage,-0.35460994,-3.6571429,-7.464325,-11.542498,-11.07595,-9.452202
MFC,Manulife Financial Corp,Insurance - Life,0.7347876,2.1658127,-0.8139272,8.027579,29.75451,20.920618
MFG,Mizuho Financial Group Inc ADR,Banks - Regional,-1.5887026,1.9195613,2.9547553,8.252427,46.90382,52.322403
MFP,Midera Food Processing Inc,Specialty Industrial Machinery,4.98675,1.9415205,-3.1555555,0,0,0
MGA,Magna International Inc,Auto Parts,-2.2653723,-3.131205,-11.039416,-2.9533281,21.517532,18.986866
MGEE,MGE Energy Inc,Utilities - Regulated Electric,-0.9984235,-1.8622216,-6.9974084,-0.73761857,1.6592473,-3.9020658
MGM,MGM Resorts International,Resorts & Casinos,-1.5315089,-3.5415642,-10.415715,-16.268147,10.884931,7.4815016
MGNI,Magnite Inc,Advertising Agencies,-0.54530203,0.55131465,-1.9842911,32.532143,91.51858,46.087494
MGRC,McGrath Rentcorp,Rental & Leasing Services,0.10846967,-0.27014858,-8.501322,-6.2949486,5.095844,5.546555
MGRT,Mega Fortune Co Ltd,Information Technology Services,0,1.6949153,20,66.782486,1508.5791,1497.8695
MGTX,MeiraGTx Holdings plc,Biotechnology,-0.93167704,-3.770739,-7.334786,12.720848,77.22222,60.503143
MGY,Magnolia Oil & Gas Corp,Oil & Gas E&P,3.3671253,2.7347968,6.5696154,8.102991,-7.184655,30.424852
MH,McGraw Hill Inc,Education & Training Services,0.0755287,7.8990226,3.7588098,36.880165,-0.075414784,-19.69697
MHD,BlackRock MuniHoldings Fund Inc,Closed-End Fund - Debt,-1.6348774,-2.4324324,-6.152513,-7.672634,-5.5797734,-7.7512774
MHK,Mohawk Industries Inc,"Furnishings, Fixtures & Appliances",-0.34770516,0.80506486,-4.7066646,14.844168,34.050514,17.99634
MHO,MI Homes Inc,Residential Construction,1.2232416,0.112541325,-5.866402,-4.534174,18.233927,11.238765
MIAX,Miami International Holdings Inc,Capital Markets,-5.4105816,-7.880625,-6.83801,4.940239,1.0485934,-10.973412
MICC,Magnum Ice Cream Company NV,Packaged Foods,-3.6664991,0.2613696,0.8942662,14.3709,29.158249,21.009464
MIDD,Middleby Corp,Specialty Industrial Machinery,1.2577469,4.8706813,-3.29039,-35.50447,-18.194536,-25.270735
MIR,Mirion Technologies Inc,Specialty Industrial Machinery,1.8855656,-5.716005,-0.44472682,-15.797958,-15.067751,-33.091373
MIRM,Mirum Pharmaceuticals Inc,Biotechnology,-2.9457364,-4.476094,-5.9400983,-12.349482,6.0897074,18.875807
MITK,Mitek Systems Inc,Software - Application,0.44692737,4.171495,-2.9681597,4.2016807,27.698864,70.42654
MKC,McCormick & Co Inc,Packaged Foods,-1.051796,-3.1468532,-7.56396,6.903945,-6.3310165,-26.794891
MKL,Markel Group Inc,Insurance - Property & Casualty,-0.36030826,0.34943497,-0.40128946,-2.9872887,-4.44557,-16.638523
MKSI,MKS Inc,Scientific & Technical Instruments,-3.2473774,-13.635516,-27.823158,-43.03221,1.9240083,44.868587
MKTX,MarketAxess Holdings Inc,Capital Markets,0.17167382,0.07350239,0.50442916,35.776615,-6.1088443,-9.85931
MLCO,Melco Resorts & Entertainment Ltd ADR,Resorts & Casinos,-3.5343034,-8.300395,-15.173675,-16.094032,-15.018315,-38.705418
MLI,Mueller Industries Inc,Metal Fabrication,0.8833333,-4.9913673,-9.155035,-11.885872,12.342242,5.4529614
MLKN,MillerKnoll Inc,"Furnishings, Fixtures & Appliances",-1.505174,-3.2794456,-10.282776,26.90909,17.64045,14.551422
MLM,Martin Marietta Materials Inc,Building Materials,1.1758364,0.7594584,-5.912821,-16.796362,-9.609589,-18.60566
MLTX,MoonLake Immunotherapeutics,Biotechnology,-3.7854888,-11.078717,-25.382263,-36.49141,-25.015366,-7.4355083
MLYS,Mineralys Therapeutics Inc,Biotechnology,-0.13816926,-5.2131147,10.978887,17.377182,20.108019,-20.336182
MMED,MiniMed Group Inc,Medical Instruments & Supplies,0.18206646,-3.295255,12.698413,49.01828,32.830418,0
MMI,Marcus & Millichap Inc,Real Estate Services,-0.35529715,-0.64412236,-0.5800838,5.2182813,20.88558,13.045072
MMM,3M Co,Conglomerates,1.6356006,0.16423358,-8.623273,2.5342467,16.621813,2.854466
MMS,Maximus Inc,Specialty Business Services,-1.9713564,3.689182,6.889583,4.3774667,-14.929083,-32.59963
MMSI,Merit Medical Systems Inc,Medical Instruments & Supplies,-0.9652953,-1.1583897,-3.9563134,28.20589,29.18603,-2.2237349
MMYT,MakeMyTrip Ltd,Travel Services,-5.2423344,-2.3644516,-19.765493,2.5256848,20.412268,-41.670727
MNDY,Monday.Com Ltd,Software - Application,-2.1382864,15.953643,12.864514,31.483294,27.352741,-36.263214
MNKD,Mannkind Corp,Biotechnology,-5.0666666,-9.6446705,-8.717949,-9.6446705,44.129555,-37.213406
MNR,Mach Natural Resources LP,Oil & Gas E&P,-10.328262,-11.60221,-11.7415285,-10.04016,-18.89935,1.4492754
MNSO,MINISO Group Holding Ltd ADR,Specialty Retail,-3.0871003,-4.767064,-18.30855,-26.38191,-46.00737,-53.12
MNST,Monster Beverage Corp,Beverages - Non-Alcoholic,0.9728507,4.178338,-1.9551846,-2.277206,21.129055,16.421024
MNTN,MNTN Inc,Software - Application,-1.6722409,-0.6756757,-5.6179776,40.83832,30.521643,-1.5075377
MO,Altria Group Inc,Tobacco,-1.132984,2.8281043,9.146341,0.9982639,8.282923,21.0718
MOD,Modine Manufacturing Co,Auto Parts,-1.8168844,-3.81782,-17.476355,-39.849346,-8.995167,33.974983
MOH,Molina Healthcare Inc,Healthcare Plans,-3.3073294,6.624427,1.9353886,5.947689,48.47572,19.275095
MORN,Morningstar Inc,Financial Data & Stock Exchanges,0.044634,1.8401191,-2.4233336,31.266268,12.654269,-7.1694813
MOS,Mosaic Company,Agricultural Inputs,1.6367265,-2.8615031,19.924635,11.179039,7.927088,5.687007
MP,MP Materials Corp,Other Industrial Metals & Mining,-2.979479,-9.447514,-15.963083,-19.23456,-2.826087,-2.672209
MPB,Mid Penn Bancorp Inc,Banks - Regional,0.32327586,1.4990461,-2.4747937,11.031604,19.627369,20.05158
MPC,Marathon Petroleum Corp,Oil & Gas Refining & Marketing,3.6297138,2.8539956,14.7021055,69.1326,76.68258,152.62251
MPLX,MPLX LP,Oil & Gas Midstream,-0.79809815,-3.005147,-1.1171293,2.7797325,0.7415072,9.462245
MPT,Medical Properties Trust Inc,REIT - Healthcare Facilities,-1.1173184,-9.230769,-12.592592,-21.854305,-22.368422,0
MPWR,Monolithic Power System Inc,Semiconductors,-0.06822714,-5.091589,-19.317226,-26.938671,6.886841,26.049252
MQ,Marqeta Inc,Software - Infrastructure,-2.9553678,1.1313639,3.6726804,3.6726804,-1.4093137,-15.315789
MQY,BlackRock MuniYield Quality Fund Inc,Closed-End Fund - Debt,-2.2727273,-3.5514019,-8.185054,-9.79021,-7.6096687,-8.672566
MRCY,Mercury Systems Inc,Aerospace & Defense,7.379983,7.73898,-23.244532,-23.615135,12.619725,19.175455
MRK,Merck & Co Inc,Drug Manufacturers - General,-0.7317915,-2.5350776,5.751269,26.275578,25.932737,36.6046
MRNA,Moderna Inc,Biotechnology,-1.9905924,6.0172553,123.037544,124.78111,179.81705,387.52118
MRP,Millrose Properties Inc,REIT - Residential,-0.06788866,-3.443752,-2.3872678,3.6619718,4.2123895,-1.4395715
MRSH,Marsh,Insurance Brokers,-0.37133515,1.6512102,-2.4157212,10.682839,1.8585676,0
MRTN,Marten Transport Ltd,Trucking,-0.42887777,-0.5710207,-8.775376,-17.329376,14.367816,22.407732
MRVI,Maravai LifeSciences Holdings Inc,Biotechnology,2.9169784,-1.0071943,21.12676,32.307693,130.87248,111.69231
MRVL,Marvell Technology Inc,Semiconductors,1.3161503,-5.663589,-5.389835,-28.617426,152.18974,160.88492
MRX,Marex Group Ltd,Capital Markets,-3.4171138,-9.667195,-4.268719,5.474171,93.41157,78.31074
MS,Morgan Stanley,Capital Markets,-0.14522219,-4.211748,-5.4672103,-7.5682216,27.751286,16.194447
MSA,MSA Safety Inc,Security & Protection Services,-1.1171949,-3.2521646,-5.472137,8.759657,5.0840483,11.64606
MSCI,MSCI Inc,Financial Data & Stock Exchanges,-1.6346067,-1.7924767,-1.1040895,-6.2957034,-1.4530518,-5.077301
MSDL,Morgan Stanley Direct Lending Fund,Asset Management,0.13596193,-0.27081922,-4.1015625,-4.1639557,2.2916667,-10.618932
MSEX,Middlesex Water Co,Utilities - Regulated Water,-0.9557522,-3.133114,-3.5505,7.491356,11.540761,10.987703
MSFT,Microsoft Corp,Software - Infrastructure,-1.6402525,1.1125801,3.4912043,31.027939,30.180428,2.7914479
MSGE,Madison Square Garden Entertainment Corp,Entertainment,0.6219679,6.0157275,-4.6782937,10.159335,44.0349,50.10206
MSGS,Madison Square Garden Sports Corp,Entertainment,-0.7645723,-0.5235999,-4.532213,6.26047,27.971754,52.04717
MSI,Motorola Solutions Inc,Communication Equipment,-1.052454,2.0113506,2.6384878,18.718527,3.7117276,22.388605
MSM,MSC Industrial Direct Co Inc,Industrial Distribution,0.5030181,0.37678975,-3.788122,1.1560206,39.850677,42.54459
MSTR,Strategy Inc,Software - Application,-5.3600116,-2.3360965,32.67813,15.169289,-4.46705,-14.708786
MT,ArcelorMittal SA,Steel,0.7006457,-4.8669696,-0.6775068,15.596909,53.47571,60.851437
MTA,Metalla Royalty and Streaming Ltd,Other Precious Metals & Mining,0.81632656,-4.170708,-0.7035176,32.974426,46.153847,26.992289
MTB,M & T Bank Corp,Banks - Regional,-1.030191,-1.105042,-6.916871,4.5531273,18.78375,16.820528
MTCH,Match Group Inc,Internet Content & Information,2.8968713,7.1687183,19.290705,25.246826,42.94913,37.503872
MTD,Mettler-Toledo International Inc,Diagnostics & Research,3.4726813,3.10301,-6.1393237,16.208378,10.454304,-4.5754166
MTDR,Matador Resources Co,Oil & Gas E&P,3.252697,4.1034937,12.924562,27.461662,7.982906,48.84543
MTG,MGIC Investment Corp,Insurance - Specialty,-3.1098154,-3.1098154,-3.8572807,14.7736,16.562744,2.3613963
MTH,Meritage Homes Corp,Residential Construction,1.3871763,3.0711377,-8.929808,-13.1387825,11.946902,-0.030395137
MTN,Vail Resorts Inc,Resorts & Casinos,-1.7365313,5.938771,-5.818554,-4.634618,5.2202406,3.9683735
MTRN,Materion Corp,Other Industrial Metals & Mining,-0.30805096,-5.3700557,-16.786545,-12.910029,81.34181,92.63192
MTSI,MACOM Technology Solutions Holdings Inc,Semiconductors,0.16693097,-16.112122,-26.718163,-38.678112,9.618196,40.133114
MTUS,Metallus Inc,Steel,2.027748,-2.697201,-13.20926,-0.98394614,29.014845,11.421911
MTX,Minerals Technologies Inc,Specialty Chemicals,0.04422822,-1.96475,-6.231864,-13.740943,3.9840639,11.337162
MTZ,Mastec Inc,Engineering & Construction,-2.1958718,-7.4705005,-26.375298,-41.342255,-25.909908,2.4520402
MU,Micron Technology Inc,Semiconductors,0.38635108,-9.746344,-8.317272,-18.200336,119.342636,225.00613
MUC,BlackRock MuniHoldings California Quality Fund Inc,Closed-End Fund - Debt,-2.237354,-2.8046422,-5.9869037,-7.2878227,-5.5451126,-5.188679
MUFG,Mitsubishi UFJ Financial Group Inc ADR,Banks - Diversified,-0.7534533,2.463267,2.9526703,12.476281,44.13374,49.495586
MUR,Murphy Oil Corp,Oil & Gas E&P,5.7591624,5.044202,16.025272,17.818605,4.311903,29.28
MUSA,Murphy USA Inc,Specialty Retail,-0.16123831,1.7122096,-10.193496,-4.524181,11.232749,30.432198
MUX,McEwen Inc,Other Precious Metals & Mining,-0.16129032,-8.341559,-1.4854112,-4.1795664,0.3241491,0.3241491
MWA,Mueller Water Products Inc,Specialty Industrial Machinery,-1.169844,-4.918716,-9.412232,-12.705702,-16.201323,-4.2401342
MWH,SOLV Energy Inc,Utilities - Renewable,1.8621236,2.471104,-18.510302,-24.846537,-7.451404,0
MXL,MaxLinear Inc,Semiconductors,3.596234,-6.1390014,-20.811703,-24.380352,305.314,285.0832
MYE,Myers Industries Inc,Packaging & Containers,0.06718173,-3.121951,-9.836562,8.682962,50.15121,59.134617
MYI,BlackRock MuniYield Quality Fund III Inc,Closed-End Fund - Debt,-1.8536586,-3.0828516,-6.5923862,-8.378871,-5.09434,-7.451702
MYN,BlackRock MuniYield New York Quality Fund Inc,Closed-End Fund - Debt,-2.062975,-3.7353256,-7.5819674,-9.98004,-8.333333,-8.980827
MYRG,MYR Group Inc,Engineering & Construction,-0.16927323,-5.4211407,-20.391455,-41.164608,4.470887,24.160183
MZTI,Marzetti Co,Packaged Foods,-1.5543035,0.13833992,-11.69397,-5.342798,-29.664076,-38.36516
NABL,N-able Inc,Information Technology Services,-3.357314,4.6753244,23.24159,31.699347,-19.721115,-46.122993
NAC,Nuveen California Quality Municipal Income Fund,Closed-End Fund - Debt,-1.5610652,-2.722323,-8.688246,-10.292887,-8.843537,-9.229466
NAD,Nuveen Quality Municipal Income Fund,Closed-End Fund - Debt,-1.9195613,-3.7668161,-8.680851,-10.359231,-7.738607,-10.732113
NAMS,NewAmsterdam Pharma Company NV,Biotechnology,-5.3667264,-7.15226,-21.33829,-29.0647,-26.883207,-39.68073
NAT,Nordic American Tankers Ltd,Oil & Gas Midstream,2.8833551,7.9779916,15.102639,34.188034,49.52381,128.19768
NATL,NCR Atleos Corp,Software - Application,-0.15128593,0.4784689,-0.2375297,5.8904424,9.116674,21.228024
NAVI,Navient Corp,Credit Services,2.2494888,7.7586207,9.170305,23.609394,24.378109,-23.076923
NAVN,Navan Inc,Software - Application,4.91343,-13.402858,-21.935934,2.3277042,152.76212,31.264637
NBBK,NB Bancorp Inc,Banks - Regional,-0.218436,-0.17482518,-0.30554342,13.462494,11.632454,15.237134
NBHC,National Bank Holdings Corp,Banks - Regional,-0.16770484,0.84704745,-3.5639899,-2.6856608,11.179296,9.629045
NBIS,Nebius Group NV,Software - Infrastructure,-2.271549,-13.721656,-22.86777,-27.667515,76.30505,147.73909
NBIX,Neurocrine Biosciences Inc,Drug Manufacturers - Specialty & Generic,-4.57957,-3.300245,-2.8933911,-5.224588,17.496866,5.774519
NBN,Northeast Bank,Banks - Regional,1.0285109,3.5741975,-0.31340945,5.613092,25.625353,28.538439
NBR,Nabors Industries Ltd,Oil & Gas Drilling,2.6790848,-1.3695604,-7.6620827,2.5729382,11.666875,64.45672
NBTB,NBT Bancorp Inc,Banks - Regional,0,1.9354838,-2.1580033,11.696658,28.07664,25.578035
NBTX,Nanobiotix ADR,Biotechnology,-1.3154212,-3.7663755,-16.147444,-2.7846706,21.460558,52.50865
NBXG,Neuberger Next Generation Connectivity Fund Inc,Closed-End Fund - Equity,-2.5473547,-4.051447,-5.7485785,-13.657408,15.748642,3.3240998
NCLH,Norwegian Cruise Line Holdings Ltd,Travel Services,-2.9891305,-3.838384,-21.452145,-30.136986,-24.643799,-36.021507
NCNO,Ncino Inc,Software - Application,-1.2173129,0.8283479,8.304499,48.04054,44.144737,-14.547582
NDAQ,Nasdaq Inc,Financial Data & Stock Exchanges,-2.555422,-5.2961154,-7.705834,8.499514,3.3472319,-8.13343
NDSN,Nordson Corp,Specialty Industrial Machinery,0.30488795,-1.493916,-0.18719943,4.5045958,17.70639,28.623716
NE,Noble Corp Plc,Oil & Gas Drilling,6.084777,2.3977122,3.0323153,11.684261,-0.34253907,64.83711
NEA,Nuveen AMT-Free Quality Municipal Income Fund,Closed-End Fund - Debt,-1.8639328,-3.9233577,-6.8141594,-9.145815,-6.4,-9.458298
NEE,NextEra Energy Inc,Utilities - Regulated Electric,-0.6860223,-1.9116757,-5.973092,-6.54755,-9.418994,0.9840558
NEM,Newmont Corp,Gold,0.91005117,-3.5117707,3.2078452,19.655073,29.634655,24.376564
NEO,Neogenomics Inc,Diagnostics & Research,2.6072786,6.9648924,16.893564,69.72147,137.31155,60.629253
NEOG,Neogen Corp,Medical Devices,2.5104601,2.7684565,3.2013478,31.578947,46.5311,75.25036
NESR,National Energy Services Reunited Corp,Oil & Gas Equipment & Services,-1.985339,-7.5216136,-10.313024,30.766096,55.474808,104.916985
NET,Cloudflare Inc,Software - Infrastructure,-0.9474513,4.15367,6.586105,46.045704,51.90326,65.98022
NEU,NewMarket Corp,Specialty Chemicals,0.44973424,2.5519729,-7.00061,13.36871,43.925537,28.696564
NEWP,New Pacific Metals Corp,Silver,-2.8960817,-6.557377,-14.414414,35.714287,69.139465,62.39316
NEXA,Nexa Resources SA,Other Industrial Metals & Mining,0.87929654,-11.438597,-12.239222,-11.376405,37.323177,42.59887
NEXT,NextDecade Corp,Oil & Gas Equipment & Services,-3.508772,-5.172414,2.877698,-2.7210884,-2.4556618,35.673626
NFG,National Fuel Gas Co,Oil & Gas Integrated,1.2140733,-0.9096422,-0.14666341,7.6558175,-10.905126,2.0484636
NFJ,Virtus AllianzGI Dividend Interest & Premium Strategy Fund,Closed-End Fund - Equity,-1.5717093,-3.5301669,-4.450095,-1.5717093,21.700405,16.602016
NFLX,Netflix Inc,Entertainment,-3.0129483,2.4595554,2.4730334,0.6720083,-15.160096,-16.91553
NG,Novagold Resources Inc,Gold,0.2766252,-10.493827,-6.451613,-7.051282,-6.451613,-22.2103
NGG,National Grid Plc ADR,Utilities - Regulated Electric,-0.040021345,-3.0408902,-7.8238406,-5.677241,-8.610806,-3.1286361
NGL,NGL Energy Partners LP,Oil & Gas Midstream,-0.4626952,-2.8232636,-6.2636166,7.6297684,43.416668,72.1
NGVT,Ingevity Corp,Specialty Chemicals,-0.6007326,-0.38179147,-10.489511,-7.587522,6.6331344,14.633322
NHC,National Healthcare Corp,Medical Care Facilities,-0.50491744,-0.27723992,-0.69675726,12.4447975,42.692524,65.30017
NHI,National Health Investors Inc,REIT - Healthcare Facilities,-1.5205343,-1.2679869,-5.5986924,-2.1462862,-15.353609,-9.257562
NI,NiSource Inc,Utilities - Regulated Gas,-1.1687363,-2.5917926,-4.2010856,-14.113415,-9.840071,-2.8017242
NIC,Nicolet Bankshares Inc,Banks - Regional,-0.21581894,0.2519925,-3.8392355,16.493021,22.481564,41.030502
NICE,NICE Ltd ADR,Software - Application,-2.5400693,5.168403,6.2104187,22.791687,-12.149375,-8.014862
NIO,NIO Inc ADR,Auto Manufacturers,-1.907357,-2.7027028,-21.73913,-28.286852,-33.701656,-29.411764
NIQ,NIQ Global Intelligence plc,Software - Application,-0.4830918,2.3743787,7.478261,123.91304,73.9212,12.431777
NJR,New Jersey Resources Corp,Utilities - Regulated Gas,0.32015067,-0.39267015,-3.092596,-3.338777,0.77563375,15.503036
NKE,Nike Inc,Footwear & Accessories,-2.240216,-3.025435,-7.342031,-19.867256,-30.838266,-43.148643
NKTR,Nektar Therapeutics,Biotechnology,-2.7153285,-9.110747,-8.297785,9.281732,-7.726392,57.615894
NLY,Annaly Capital Management Inc,REIT - Mortgage,-1.9688644,-5.307386,-8.386821,-3.6019812,2.982203,-4.248658
NMAX,Newsmax Inc,Broadcasting,-5.5263157,1.4124293,3.957529,38.431877,55.861073,39.327297
NMIH,NMI Holdings Inc,Insurance - Specialty,-1.3599274,-2.0261145,-4.477612,16.115261,18.325176,6.6928167
NMM,Navios Maritime Partners LP,Marine Shipping,0.7050656,2.2129252,12.166244,32.32611,43.67069,77.074196
NMR,Nomura Holdings Inc ADR,Capital Markets,-1.1183597,1.5311005,8.154943,18.283167,40.71618,26.460072
NMRK,Newmark Group Inc,Real Estate Services,0.35211268,-2.7303755,-5.816259,-4.169469,-0.07012623,-17.820068
NMZ,Nuveen Municipal High Income Opportunity Fund,Closed-End Fund - Debt,-2.1141648,-3.7422037,-9.126595,-10.875842,-9.5703125,-9.126595
NN,NextNav Inc,Software - Infrastructure,-3.989704,-3.3052495,-22.291666,-17.931793,-16.880222,-10.336538
NNE,Nano Nuclear Energy Inc,Specialty Industrial Machinery,-0.6922593,-13.15355,-19.448698,-44.06239,-25.21327,-34.277386
NNI,Nelnet Inc,Credit Services,-0.03137501,1.6347687,1.2874513,-2.217278,0.60783076,-4.1441035
NNN,NNN REIT Inc,REIT - Retail,-1.2797076,-2.10741,-6.4124784,-4,1.7428168,9.0083275
NNNN,Anbio Biotechnology,Medical Instruments & Supplies,-9.819967,-14.837712,-35.061874,-66.88702,-76.59303,-81.67609
NOC,Northrop Grumman Corp,Aerospace & Defense,0.7319062,3.041294,-6.8309364,1.8696069,-24.853243,-6.8325706
NOG,Northern Oil and Gas Inc,Oil & Gas E&P,2.8831563,5.402254,6.2279673,39.506172,-5.963939,26.31579
NOK,Nokia Corp ADR,Communication Equipment,1.9689119,-8.550186,-8.7198515,-27.05708,23.308271,52.08655
NOMD,Nomad Foods Limited,Packaged Foods,-0.09149131,-2.3255813,-4.042179,8.982036,12,-12.709832
NOV,NOV Inc,Oil & Gas Equipment & Services,2.093476,-2.555762,-2.9166667,12.379421,12.259101,34.165066
NOVT,Novanta Inc,Scientific & Technical Instruments,-1.2995359,-5.166026,-18.085926,-10.991629,21.41414,16.169426
NOW,ServiceNow Inc,Software - Application,-0.31612223,8.229731,20.560747,49.305557,28.555899,-7.3699327
NP,Neptune Insurance Holdings Inc,Insurance Brokers,-2.0427706,-2.9411764,-2.5095298,4.9589605,40.58635,5.2469134
NPK,National Presto Industries Inc,Aerospace & Defense,1.5261202,4.898922,7.976694,18.07494,20.069418,45.813038
NPKI,NPK International Inc,Building Products & Equipment,0.077101,-3.851852,-9.357542,-18.36478,-4.277286,8.892617
NPO,Enpro Inc,Specialty Industrial Machinery,-0.10213425,-5.717135,-18.098345,-25.286448,14.393451,32.46626
NRG,NRG Energy Inc,Utilities - Independent Power Producers,-2.2863464,-8.130363,-13.385633,-21.523767,-27.304527,-33.44009
NRIX,Nurix Therapeutics Inc,Biotechnology,-2.7037618,-5.4455447,-8.61244,41.48148,72.072075,30.89088
NRK,Nuveen New York AMT-Free Quality Municipal Income Fund,Closed-End Fund - Debt,-2.7081244,-2.020202,-7.1770334,-9.090909,-4.7151275,-3.8652132
NRP,Natural Resource Partners LP,Thermal Coal,0.84714884,-0.91291505,6.513373,9.842246,-9.764447,6.044061
NSC,Norfolk Southern Corp,Railroads,0.0531167,-0.9526755,-6.1268764,6.7115436,13.920808,10.910225
NSIT,Insight Enterprises Inc,Electronics & Computer Distribution,-0.6920415,2.9926305,7.641819,48.21099,127.294586,97.27507
NSP,Insperity Inc,Staffing & Employment Services,1.0989012,2.4865725,2.100674,42.241856,110.543526,33.05785
NSSC,NAPCO Security Technologies Inc,Security & Protection Services,0.25097603,0.111389585,-5.543878,-3.8512971,-11.562116,-13.788969
NTAP,Netapp Inc,Software - Infrastructure,0.8790333,2.8093536,-6.988247,18.921795,87.844925,77.35549
NTB,Bank of N T Butterfield & Son Ltd,Banks - Diversified,-0.51727015,-0.0837942,-5.3049555,1.77535,17.362206,19.670815
NTCT,Netscout Systems Inc,Software - Infrastructure,2.6759434,2.8686328,-1.9672968,-3.2770355,27.687187,41.79601
NTES,NetEase Inc ADR,Electronic Gaming & Multimedia,1.2712942,3.1152916,-3.9469454,-1.5165251,5.0184565,-13.173957
NTLA,Intellia Therapeutics Inc,Biotechnology,-4.296546,-6.961507,-6.038048,-27.504786,-11.52648,26.362625
NTNX,Nutanix Inc,Software - Infrastructure,0.44319692,1.5685688,3.5485835,44.968018,72.213776,31.534145
NTR,Nutrien Ltd,Agricultural Inputs,2.2337663,-2.4777007,15.2731,25.23067,5.339221,27.543745
NTRA,Natera Inc,Diagnostics & Research,2.63027,6.197209,11.649373,51.58377,79.62925,53.118862
NTRS,Northern Trust Corp,Asset Management,-1.6344725,-3.2216146,-6.648561,3.8521876,31.678207,30.858774
NTSK,Netskope Inc,Software - Infrastructure,2.764706,20.816044,14.557377,93.03867,83.31584,-0.3990878
NTST,Netstreit Corp,REIT - Retail,-1.1782787,-3.742515,-5.5800295,0.46875,1.8479409,9.353742
NU,Nu Holdings Ltd,Banks - Regional,-1.5267175,-5.4,-3.7313433,11.644375,1.7934003,-15.232975
NUE,Nucor Corp,Steel,1.6455249,0.35283625,-5.082881,6.147726,63.211,58.678192
NUTX,Nutex Health Inc,Medical Care Facilities,-0.7787301,8.928572,14.287989,43.066906,141.97101,30.804277
NUV,Nuveen Municipal Value Fund Inc,Closed-End Fund - Debt,-1.2746234,-2.0689654,-5.3333335,-6.9868994,-5.7522125,-5.9602647
NUVB,Nuvation Bio Inc,Biotechnology,-2.3569024,-11.042945,-10.493827,4.316547,37.440758,-35.267857
NVAX,Novavax Inc,Biotechnology,-3.7539103,-6.2944164,14.374226,1.0952903,-4.0540543,37.35119
NVCR,NovoCure Ltd,Medical Devices,-0.43156597,3.3269353,-7.872219,13.095238,36.74852,24.903326
NVDA,NVIDIA Corp,Semiconductors,0.57356846,-5.1415033,-5.7064133,0.70245385,22.854662,13.764075
NVG,Nuveen AMT-Free Municipal Credit Income Fund,Closed-End Fund - Debt,-2.4221454,-3.5072713,-9.10556,-11.04101,-8.811641,-10.900474
NVGS,Navigator Holdings Ltd,Oil & Gas Midstream,4.6422486,8.381121,14.013921,13.173653,35.148514,41.859123
NVMI,Nova Ltd,Semiconductor Equipment & Materials,0.12849246,-10.370469,-20.36883,-41.75662,-27.986246,2.037212
NVO,Novo Nordisk ADR,Drug Manufacturers - General,-2.1173763,-4.5556555,-5.2361856,-1.5281315,16.424856,-16.411163
NVR,NVR Inc,Residential Construction,-0.66845936,1.133774,-0.6569474,-3.5970192,-1.7573138,-14.196527
NVS,Novartis AG ADR,Drug Manufacturers - General,-0.2662062,0.82921153,-8.784629,-5.7519717,-5.0743,0.54399073
NVST,Envista Holdings Corp,Medical Instruments & Supplies,-4.1101203,-6.3966694,-10.52822,-4.5542264,-0.64282846,13.910641
NVT,nVent Electric plc,Electrical Equipment & Parts,0.10911075,-7.4050713,-17.16043,-17.071518,26.225279,43.96391
NVTS,Navitas Semiconductor Corp,Semiconductors,-0.7346189,-6.8103447,-25.857338,-54.99584,23.542856,51.40056
NWBI,Northwest Bancshares Inc,Banks - Regional,0.3215434,1.5625,-0.57361376,7.7348065,27.764128,30
NWE,NorthWestern Energy Group Inc,Utilities - Regulated Electric,-0.975965,-3.6701148,-4.0101666,-2.7189467,6.551724,5.330028
NWG,NatWest Group Plc ADR,Banks - Regional,0.81212777,0.32327586,-2.2058823,11.031604,34.053276,6.4
NWL,Newell Brands Inc,Household & Personal Products,-2.253033,-6,-6.6225166,14.634147,67.85714,51.612904
NWN,Northwest Natural Holding Co,Utilities - Regulated Gas,-0.6795717,-2.110818,-4.3624825,-1.6115872,-6.2038116,3.1878476
NWPX,NWPX Infrastructure Inc,Steel,0.6963788,-5.4018693,-13.5167465,-27.279259,43.08736,61.977917
NWS,News Corp,Entertainment,-0.23626699,2.1160822,3.365973,17.495651,23.329683,14.006075
NWSA,News Corp,Entertainment,-0.40903142,2.7862208,6.045296,20.391613,26.548857,16.519909
NX,Quanex Building Products Corp,Building Products & Equipment,0.71496665,-3.2951946,1.8804243,24.294117,29.47304,37.386215
NXDR,Nextdoor Holdings Inc,Internet Content & Information,3.3613446,14.418605,-2.3809524,11.818182,72.02797,17.142857
NXE,NexGen Energy Ltd,Uranium,-0.105596624,-11.090225,-12,-11.173709,-15.98579,2.826087
NXP,Nuveen Select Tax-Free Income Portfolio,Closed-End Fund - Debt,-1.4641289,-3.3045976,-5.5438595,-5.8082576,-5.6100984,-4.539007
NXPI,NXP Semiconductors NV,Semiconductors,0.9454578,1.3567975,-2.737195,-27.746035,18.278727,4.2799225
NXST,Nexstar Media Group Inc,Broadcasting,-1.0086794,2.3588624,-8.658009,2.8265107,-25.576473,-16.867767
NXT,Nextpower Inc,Solar,-3.4253209,-3.1322083,-19.477243,-36.624306,-30.247398,-8.403169
NYAX,Nayax Ltd,Software - Infrastructure,-1.9769715,-8.23673,-6.0195794,-30.871763,-25.248508,-10.83004
NYT,New York Times Co,Publishing,1.9476827,7.6726727,9.866708,-1.8477963,-11.436335,3.2987611
NZF,Nuveen Municipal Credit Income Fund,Closed-End Fund - Debt,-1.9130435,-3.259005,-8.292683,-11.181103,-7.9934745,-10.333863
O,Realty Income Corp,REIT - Retail,-0.94482875,-2.3290634,-5.9134617,-2.5398407,-3.6751435,4.151144
OBDC,Blue Owl Capital Corp,Asset Management,-0.090252705,-0.62836623,-3.7391305,1.8399264,-0.71748877,-10.941271
OBE,Obsidian Energy Ltd,Oil & Gas E&P,1.6813451,4.4407897,9.766638,37.2973,45.475372,107.17781
OBK,Origin Bancorp Inc,Banks - Regional,0.09189487,1.5476413,1.4908684,10.3322525,35.641346,44.801914
OBX,Obsidian Therapeutics Inc,Biotechnology,-6.077348,-8.993576,-3.051041,0,0,0
OC,Owens Corning,Building Products & Equipment,-0.21713842,0,-16.344841,0.4136101,28.721489,14.97632
OCFC,OceanFirst Financial Corp,Banks - Regional,-0.37493303,-0.2680965,-5.2953157,3.1613977,6.3464837,3.6211698
OCSL,Oaktree Specialty Lending Corp,Asset Management,-2.5963807,-2.2116904,-3.6575875,6.8162208,11.833785,-2.8257456
OCTV,Octave Intelligence Plc,Software - Application,-1.4877789,3.4021194,2.8856826,11.686747,0,0
OCUL,Ocular Therapeutix Inc,Biotechnology,-4.94403,-11.159547,-4.3192487,8.059385,24.572126,-16.062603
ODC,Oil-Dri Corp Of America,Specialty Chemicals,-0.30141434,0.18639329,-7.067214,-9.568875,43.692566,75.72538
ODD,ODDITY Tech Ltd,Household & Personal Products,-4.6227417,8.919903,48.46981,37.337414,34.2558,-55.326035
ODFL,Old Dominion Freight Line Inc,Trucking,-0.5222363,-0.54957134,-14.625401,-18.132465,-1.6093954,15.408163
ODTX,Odyssey Therapeutics Inc,Biotechnology,-9.356966,-10.281518,5.417066,15.312009,0,0
OFG,OFG Bancorp,Banks - Regional,0.018903593,1.4378834,-1.1397609,13.394771,36.577183,29.111761
OGC,OceanaGold Corp,Gold,-1.701838,-7.108395,-2.068498,9.187145,0,0
OGE,Oge Energy Corp,Utilities - Regulated Electric,-1.1248107,-2.5788577,-3.4635692,-3.3615222,-0.9319463,7.0491805
OGG,Osisko Gold Group Inc,Gold,-0.35971224,-2.8070176,-1.4234875,0,0,0
OGN,Organon & Co,Drug Manufacturers - General,0.07326008,-0.07315289,-0.2919708,1.7125838,126.534,90.51604
OGS,ONE Gas Inc,Utilities - Regulated Gas,-1.2034161,-3.5010111,-4.538635,-0.53413236,-8.966257,-1.1650486
OHI,Omega Healthcare Investors Inc,REIT - Healthcare Facilities,-0.4435995,-0.12714559,1.2024909,5.8387604,5.2243805,6.292287
OI,O-I Glass Inc,Packaging & Containers,-1.2461059,-4.3740573,-4.229607,-31.310942,-35.6998,-57.04607
OII,Oceaneering International Inc,Oil & Gas Equipment & Services,2.4054983,-1.6704475,-11.883201,32.22407,36.384438,98.41864
OKE,Oneok Inc,Oil & Gas Midstream,-2.3203053,-1.1479858,-0.62945867,11.395978,6.176438,28.870749
OKLO,Oklo Inc,Utilities - Independent Power Producers,-0.63518363,-15.480385,-18.003647,-41.180317,-33.333332,-49.860645
OKTA,Okta Inc,Software - Infrastructure,2.1453474,10.252402,32.95867,61.658604,142.88994,120.249794
OLED,Universal Display Corp,Electronic Components,1.6575307,-2.5278437,-10.099261,-12.424107,-17.768158,-33.301937
OLLI,Ollies Bargain Outlet Holdings Inc,Discount Stores,-4.700078,1.409229,-2.0419059,-4.563776,-25.828617,-33.03531
OLMA,Olema Pharmaceuticals Inc,Biotechnology,-4.9562683,-5.5984554,-9.192201,2.8391168,-30.539772,-60.88
OLN,Olin Corp,Chemicals,1.5402844,-1.8327606,-9.836928,-22.126307,-27.892302,-17.714834
OMAB,Grupo Aeroportuario del Centro Norte SAB de C.V ADR,Airports & Air Services,-1.2525458,-2.3955712,-5.6620293,-14.938597,-10.774752,-10.848579
OMC,Omnicom Group Inc,Advertising Agencies,-1.5048723,1.9795657,-6.5644746,11.913104,6.3815613,-1.1145511
OMCL,Omnicell Inc,Health Information Services,-2.6260817,-3.0023782,-9.436581,-16.44046,-1.390148,-27.969095
OMDA,Omada Health Inc,Health Information Services,-4.0487804,-8.511628,-17.178947,11.5079365,45.595856,24.651457
OMER,Omeros Corp,Biotechnology,-1.6609393,-11.449201,-1.09447,67.023346,56.090908,-0.029112082
OMF,OneMain Holdings Inc,Credit Services,-2.642405,-1.6935613,-5.5564084,5.7579923,19.522144,-8.911917
ON,ON Semiconductor Corp,Semiconductors,2.1632938,3.1276417,-12.209163,-39.81253,23.523457,35.180054
ONB,Old National Bancorp,Banks - Regional,-0.1933488,1.5741833,-4.654599,4.072581,21.516008,15.688032
ONC,BeOne Medicines Ltd ADR,Biotechnology,-2.0716164,-1.2820513,-4.41643,28.262077,25.87184,14.051545
ONDS,Ondas Inc,Communication Equipment,0.1383126,-0.68587106,-19.555555,-21.898598,-28.031809,-25.819672
ONON,On Holding AG,Footwear & Accessories,-2.5846379,-0.2980626,-14.532099,-31.17284,-28.943176,-42.42685
ONTO,Onto Innovation Inc,Semiconductor Equipment & Materials,-2.3867588,-12.298851,-30.47044,-26.845638,21.97632,54.668694
OPCH,Option Care Health Inc,Medical Care Facilities,-1.9591496,-0.5076142,0.6418485,6.957708,-16.477272,-26.177025
OPEN,Opendoor Technologies Inc,Real Estate Services,-5.017921,-11.666667,-25.141243,-40.715885,-46.028515,-54.545456
OPK,Opko Health Inc,Diagnostics & Research,0.64102566,1.9480519,15.441176,10.56338,40.17857,24.603174
OPLN,Openlane Inc,Auto & Truck Dealerships,-1.6629087,-0.9931896,-0.569963,-8.353034,30.478683,17.159166
OPRA,Opera Ltd ADR,Internet Content & Information,0.05425936,4.2986426,-6.0142713,-0.43196544,28.412256,30.225988
OPY,Oppenheimer Holdings Inc,Capital Markets,0.17576164,-2.4769819,1.2092,11.640705,43.341316,65.56924
OR,OR Royalties Inc,Gold,0.16891892,-4.2261105,6.750675,2.0654044,8.2446,0.53687483
ORA,Ormat Technologies Inc,Utilities - Renewable,-0.9556907,-7.7016497,-19.936792,-28.571428,-14.301823,-17.44365
ORC,Orchid Island Capital Inc,REIT - Mortgage,-2.247191,-6.3076925,-8.695652,-9.104478,-10.703813,-15.416667
ORCL,Oracle Corp,Software - Infrastructure,-3.0665102,-13.165873,-4.295943,-23.842855,-6.233298,-27.992407
ORI,Old Republic International Corp,Insurance - Property & Casualty,-0.65327847,0.5633113,-3.410962,6.1256137,8.309154,-10.035057
ORIC,ORIC Pharmaceuticals Inc,Biotechnology,-2.29249,-1.12,-7.623318,45.58304,10.752688,51.100243
ORKA,Oruka Therapeutics Inc,Biotechnology,-3.8882518,0.76502734,-18.160837,27.453691,136.95708,204.19003
ORLY,O'Reilly Automotive Inc,Auto Parts,-2.3618436,-1.0687733,-5.6189737,-1.9345924,-2.4513173,-6.6330447
ORRF,Orrstown Financial Services Inc,Banks - Regional,0.25900635,1.2604042,-1.045782,9.095568,22.497124,20.214567
OSBC,Old Second Bancorporation Inc,Banks - Regional,0.07840063,1.0688837,-1.1614401,16.628597,31.25964,30.923077
OSCR,Oscar Health Inc,Healthcare Plans,-4.052056,2.141058,2.8209193,14.225352,156.84877,125.748085
OSIS,OSI Systems Inc,Electronic Components,1.32033,2.5824091,-11.867578,-9.062753,-26.183275,-20.57163
OSK,Oshkosh Corp,Farm & Heavy Construction Machinery,-0.16039051,-5.833991,-7.0143533,2.6014047,1.9293749,13.961634
OSW,OneSpaWorld Holdings Limited,Leisure,-1.631913,-3.081733,-18.80262,-21.176897,3.43184,4.628737
OTEX,Open Text Corp,Software - Application,-1.1273487,4.7324195,-1.0447137,14.451426,4.9180326,-27.317373
OTF,Blue Owl Technology Finance Corp,Asset Management,-0.3762935,-3.2876713,-4.851752,-0.65666044,-15.28,-27.166437
OTIS,Otis Worldwide Corp,Specialty Industrial Machinery,-2.3938444,-1.1544012,-2.919501,-6.510168,-13.879808,-21.579851
OTTR,Otter Tail Corp,Conglomerates,0.69626755,-1.5072011,-4.7608767,0.82285714,4.774347,9.169657
OUST,Ouster Inc,Electronic Components,-2.0023909,-9.519868,-31.872013,-29.589865,63.541145,51.524952
OUT,Outfront Media Inc,REIT - Specialty,-2.2260869,-1.8505586,-5.6077905,-9.846055,6.9227843,16.639004
OVV,Ovintiv Inc,Oil & Gas E&P,2.4632802,4.039149,4.8864527,27.780958,17.553099,70.88543
OWL,Blue Owl Capital Inc,Asset Management,-1.8216683,-5.709024,-12.178388,7.450157,12.280702,-31.45917
OXLC,Oxford Lane Capital Corp,Closed-End Fund - Debt,-1.9916142,-3.1088083,-0.5319149,12.379807,7.1019473,-36.13388
OXY,Occidental Petroleum Corp,Oil & Gas E&P,2.8164454,3.6215334,7.588076,22.578156,4.628562,54.47471
OZK,Bank OZK,Banks - Regional,0.08143322,0.9652906,-3.8153002,-0.20300446,12.135036,6.8231206
P,Everpure Inc,Computer Hardware,3.4015782,-0.09272615,-17.112574,29.969173,0,0
PAA,Plains All American Pipeline LP,Oil & Gas Midstream,-0.30947775,-0.30947775,8.505263,20.759138,18.920166,43.485523
PAAS,Pan American Silver Corp,Gold,-0.45230263,-8.468809,0.64435667,-1.1836735,3.7719674,-6.5431385
PAC,Grupo Aeroportuario Del Pacifico SAB de CV ADR,Airports & Air Services,0.6802046,-2.4861746,-1.4147503,-20.262672,-13.07069,-23.081593
PACS,PACS Group Inc,Medical Care Facilities,-5.5218854,-5.627803,-5.0315886,15.031429,25.867226,9.637926
PAG,Penske Automotive Group Inc,Auto & Truck Dealerships,-0.4789316,-1.0077413,-0.84423035,23.350456,53.705547,36.527893
PAGP,Plains GP Holdings LP,Oil & Gas Midstream,-0.5714286,-0.4647837,7.9488173,19.741936,17.617237,45.454544
PAGS,PagSeguro Digital Ltd,Software - Infrastructure,-3.1218529,0.10405827,11.08545,9.070294,2.4494143,-0.20746888
PAHC,Phibro Animal Health Corp,Drug Manufacturers - Specialty & Generic,-2.5319977,-4.8097825,1.1550678,9.984302,-30.988968,-6.2366166
PAM,Pampa Energia SA ADR,Conglomerates,0.1846509,1.047608,8.70273,0.26565027,3.2223544,-1.920687
PANW,Palo Alto Networks Inc,Software - Infrastructure,0.30753598,11.933751,-0.1783053,30.339148,130.18718,103.63192
PARR,Par Pacific Holdings Inc,Oil & Gas Refining & Marketing,2.3255813,0.5653795,1.8642622,64.27589,36.17853,137.90552
PATH,UiPath Inc,Software - Infrastructure,-2.9331515,4.86367,-11.006879,38.55891,17.993366,-13.178767
PATK,Patrick Industries Inc,Recreational Vehicles,-2.9871197,-8.040005,-16.489738,-18.96532,-34.571667,-34.70442
PAX,Patria Investments Ltd,Asset Management,-2.2900763,-5.3604436,-10.332749,-9.938435,-8.571428,-35.556953
PAY,Paymentus Holdings Inc,Software - Infrastructure,-2.8856525,2.2140222,-11.436301,70.9065,48.067432,13.99177
PAYC,Paycom Software Inc,Software - Application,1.7545434,5.18601,5.8686213,81.62595,81.6696,42.294178
PAYO,Payoneer Global Inc,Software - Infrastructure,-0.14005603,0.28129396,0,1.5669515,59.50783,26.868328
PAYP,PayPay Corp ADR,Software - Infrastructure,-4.603854,1.3651878,19.038076,44.058205,-10.452261,0
PAYX,Paychex Inc,Software - Application,-0.17720024,3.0936818,-0.2024633,20.41938,27.822798,5.455518
PB,Prosperity Bancshares Inc,Banks - Regional,-0.75524473,-0.5884001,-4.726101,-0.32307908,9.692379,2.6768918
PBA,Pembina Pipeline Corp,Oil & Gas Midstream,-0.6932773,-3.9422882,-2.8565557,2.426869,5.0211062,24.198633
PBF,PBF Energy Inc,Oil & Gas Refining & Marketing,6.1363635,-2.3395634,-0.46623152,100.375435,51.500404,175.51622
PBH,Prestige Consumer Healthcare Inc,Drug Manufacturers - Specialty & Generic,-1.9739605,-4.147844,-6.714628,-0.61741537,-23.462862,-24.331333
PBI,Pitney Bowes Inc,Integrated Freight & Logistics,-0.057703406,0.87361676,8.114857,-1.0285715,69.97056,63.85998
PBLS,Parabilis Medicines Inc,Biotechnology,-1.2168142,-7.8431373,-4.0300913,38.18182,0,0
PBR,Petroleo Brasileiro SA Petrobras ADR,Oil & Gas Integrated,2.931442,4.013378,19.287672,29.97015,15.797873,83.71308
PBT,Permian Basin Royalty Trust,Oil & Gas Midstream,1.4896009,2.3816276,9.690158,44.613537,74.61315,112.66196
PCAR,Paccar Inc,Farm & Heavy Construction Machinery,-0.32557383,0.4758779,-6.4047694,2.9508197,10.066511,11.825404
PCG,PG&E Corp,Utilities - Regulated Electric,-3.3088236,-7.329105,-24.857143,-20.20631,-24.076212,-18.170504
PCN,PIMCO Corporate & Income Strategy Fund,Closed-End Fund - Debt,-0.17825311,-3.7800686,-4.680851,-5.004241,-3.9451115,-12.225705
PCOR,Procore Technologies Inc,Software - Application,-7.3669367,-2.900425,-9.969168,31.432858,-9.581971,-27.742645
PCRX,Pacira BioSciences Inc,Drug Manufacturers - Specialty & Generic,-2.4311182,-6.955178,3.6144578,7.836991,8.909995,-6.955178
PCT,PureCycle Technologies Inc,Pollution & Treatment Controls,-4.6153846,-11.004785,-22.661123,-35.86207,-3.626943,-35.040745
PCTY,Paylocity Holding Corp,Software - Application,-0.5068595,3.6030965,1.2029972,45.675835,30.838963,-3.462295
PCVX,Vaxcyte Inc,Biotechnology,-0.5542492,-0.50411695,-1.6771836,15.104977,8.205409,28.326832
PD,Pagerduty Inc,Software - Application,-2.2237196,6.848306,24.017094,71.10849,109.68208,10.678871
PDD,PDD Holdings Inc ADR,Internet Retail,-1.6376921,-0.6742145,-10.190936,-1.8602313,-18.82732,-31.140312
PDFS,PDF Solutions Inc,Software - Application,-3.2469049,-12.152704,-21.55303,-36.627907,26.434677,45.18051
PDI,PIMCO Dynamic Income Fund,Closed-End Fund - Debt,-1.2474012,-6.6797643,-7.64744,-12.790698,-15.929204,-19.536985
PDM,Piedmont Realty Trust Inc,REIT - Office,3.6956522,-0.31347963,1.9230769,6.7114096,46.543777,14.388489
PDO,PIMCO Dynamic Income Opportunities Fund,Closed-End Fund - Debt,-0.5823627,-5.682715,-6.053459,-7.864302,-4.6288905,-13.65607
PDS,Precision Drilling Corp,Oil & Gas Drilling,3.433526,-0.5225706,0.9705451,6.8553686,-9.296432,24.47134
PEB,Pebblebrook Hotel Trust,REIT - Hotel & Motel,1.3370473,1.9618834,0.27563396,-4.564533,50.704224,60.689045
PEBO,"Peoples Bancorp Inc (Marietta, OH)",Banks - Regional,0.7019303,2.0060945,-2.1913805,10.874966,27.72655,33.766235
PECO,Phillips Edison & Company Inc,REIT - Retail,-1.1195002,-1.9364834,-4.931164,-6.660113,3.1784842,6.7753725
PEG,Public Service Enterprise Group Inc,Utilities - Regulated Electric,-0.7050197,-3.002755,-6.8641715,-11.853799,-11.354482,-12.303861
PEGA,Pegasystems Inc,Software - Application,-2.7899768,7.4222097,18.036386,25.058159,-13.334868,-36.989285
PEN,Penumbra Inc,Medical Devices,-0.4470706,-0.35672936,-2.671394,0.38776797,-5.1868396,2.4187064
PENG,Penguin Solutions Inc,Information Technology Services,1.9532088,-6.9721894,-24.698795,-29.262844,171.11873,142.84253
PENN,PENN Entertainment Inc,Resorts & Casinos,-1.4444444,3.3197436,-4.8793564,-16.713615,29.773226,20.271187
PEO,Adams Natural Resources Fund Inc,Closed-End Fund - Equity,1.6140109,0.37313432,5.905512,20.824827,9.959123,36.108555
PEP,PepsiCo Inc,Beverages - Non-Alcoholic,-0.6161068,-0.87058306,-1.9820602,-4.590903,-9.690749,-5.5880713
PFBC,"Preferred Bank (Los Angeles, CA)",Banks - Regional,0.6563927,3.8269062,-1.544617,6.835622,20.801462,12.051255
PFE,Pfizer Inc,Drug Manufacturers - General,-0.6132756,-0.8279338,2.5307033,9.282031,2.1505377,10.6425705
PFG,Principal Financial Group Inc,Asset Management,1.257485,3.8151202,4.7800303,8.031396,39.144234,34.191135
PFGC,Performance Food Group Company,Food Distribution,-4.4976387,-6.9643416,-15.007643,-14.138197,9.79884,-1.0564947
PFS,Provident Financial Services Inc,Banks - Regional,-0.042844903,0.95196885,-5.046805,2.684859,14.98275,18.126583
PFSI,PennyMac Financial Services Inc,Mortgage Finance,-1.3339133,-4.033282,-10.824269,-17.394999,-19.419775,-48.384407
PG,Procter & Gamble Co,Household & Personal Products,0.369534,2.8252945,2.480436,-2.4670835,1.6565013,2.3445678
PGC,Peapack-Gladstone Financial Corp,Banks - Regional,-0.21824531,0.2192021,-2.1194606,2.1675978,37.79385,64.16517
PGEN,Precigen Inc,Biotechnology,2.189781,2.9411764,6.8702292,45.228214,113.414635,67.46411
PGNY,Progyny Inc,Healthcare Plans,-0.32315978,2.359882,9.593368,6.4417176,53.116383,8.099689
PGR,Progressive Corp,Insurance - Property & Casualty,0.13120985,2.6960557,8.570447,8.024601,7.432039,-2.8148603
PGY,Pagaya Technologies Ltd,Software - Infrastructure,-2.0939972,-2.5925925,0.5255614,34.699104,97.74436,0.6698565
PH,Parker-Hannifin Corp,Specialty Industrial Machinery,-0.41234672,-2.5772274,-12.219101,-2.9655817,3.4201317,5.2380085
PHG,Koninklijke Philips NV ADR,Medical Devices,-0.71770334,-0.4796163,-7.158837,-7.0201645,-1.6210792,-4.636431
PHI,PLDT Inc ADR,Telecom Services,0.54406965,2.7237353,-2.8901734,5.841924,-10.724638,-14.9954
PHIN,PHINIA Inc,Auto Parts,-2.0856552,-7.782276,-17.560322,-23.867294,-1.9607843,-1.8982294
PHK,Pimco High Income Fund,Closed-End Fund - Debt,-1.1520737,-4.878049,-5.714286,-5.9210525,-3.5955057,-11.728395
PHM,PulteGroup Inc,Residential Construction,0.44560283,0.4540486,-7.0200014,-5.899496,4.295068,1.8847007
PHVS,Pharvaris NV,Biotechnology,-2.0586722,0.8479067,7.757644,16.036585,46.384617,37.153152
PHYS,Sprott Physical Gold Trust,Asset Management,0.21631645,-2.49549,-3.51086,1.9170333,-4.1949778,-1.7867959
PI,Impinj Inc,Semiconductors,0.75105435,5.8834243,1.5607711,35.49064,77.749466,0.21837826
PICS,PicS NV,Software - Infrastructure,-5.92233,-8.584906,-5.1859097,-7.714286,-15.73913,0
PII,Polaris Inc,Recreational Vehicles,-1.7481331,-2.311846,-15.278794,-18.876122,10.540385,-8.474308
PINS,Pinterest Inc,Internet Content & Information,-4.72321,2.6258206,-18.682272,-7.449433,0.4282655,-27.53959
PIPR,Piper Sandler Co's,Capital Markets,-2.2106109,-5.158524,-2.9904306,-10.770171,-0.78499335,-14.056107
PJT,PJT Partners Inc,Capital Markets,-3.3957336,-12.726149,-9.142489,-0.09004953,18.33765,-7.0992823
PK,Park Hotels & Resorts Inc,REIT - Hotel & Motel,-0.6527415,-0.39267015,1.4666667,3.3967392,48.198635,45.50669
PKG,Packaging Corp Of America,Packaging & Containers,-0.87884766,1.7291447,-8.60181,0.95624834,14.048242,12.11269
PKX,POSCO Holdings Inc ADR,Steel,2.4480214,-2.1930528,3.4366007,0.67556435,9.734196,14.82804
PL,Planet Labs PBC,Aerospace & Defense,-1.1111112,-6.9686413,-34.2904,-43.25186,-52.64558,-18.762678
PLAB,Photronics Inc,Semiconductor Equipment & Materials,0.3681885,-6.3230243,-18.869047,-18.941422,-24.98624,-14.8125
PLBL,Polibeli Group Ltd,Department Stores,1.084991,0.17921147,-13.333333,-26.83246,0,-48.99635
PLD,Prologis Inc,REIT - Industrial,0.4808048,0.13268465,-3.399232,-3.3442435,6.1167097,6.407645
PLGO,Pelagos Insurance Capital Ltd,Insurance - Diversified,-1.1235955,-1.0044194,4.717382,7.4106364,0,0
PLMR,Palomar Holdings Inc,Insurance - Property & Casualty,0.63972086,4.004207,11.7172365,23.939123,18.426004,2.7307806
PLNT,Planet Fitness Inc,Leisure,-0.6841282,1.8644748,0.35552046,-4.0958853,-31.65187,-53.157555
PLOW,Douglas Dynamics Inc,Auto Parts,-1.8947893,-4.094565,-6.264888,-20.34413,-2.81551,20.520674
PLPC,Preformed Line Products Co,Electrical Equipment & Parts,1.2203696,-1.8409389,-15.142201,4.9002004,53.21753,95.0075
PLSE,Pulse Biosciences Inc,Medical Instruments & Supplies,1.8262314,4.20993,17.973927,115.625,149.77376,302.03934
PLTK,Playtika Holding Corp,Electronic Gaming & Multimedia,-0.42016807,4.8672566,4.8672566,-32.09169,-15.957447,-40
PLTR,Palantir Technologies Inc,Software - Infrastructure,-0.43275055,1.7872943,0.0057954215,34.319298,14.520839,-2.9198313
PLUG,Plug Power Inc,Electrical Equipment & Parts,-0.4854369,-5.529954,-10.087719,-28.070175,-8.071749,4.0609136
PLUS,ePlus Inc,Software - Application,-0.67301995,4.4738927,6.2917724,12.693953,23.895231,5.1767387
PLXS,Plexus Corp,Electronic Components,-0.45904103,-3.915408,-13.008753,-20.482048,22.323076,62.265305
PM,Philip Morris International Inc,Tobacco,-0.38489172,4.5231814,5.1972685,8.806054,19.005579,21.016209
PML,Pimco Municipal Income Fund II,Closed-End Fund - Debt,-1.5895953,-3.6775105,-7.848444,-9.801325,-8.835341,-9.681698
PMT,Pennymac Mortgage Investment Trust,REIT - Mortgage,-0.77348065,-4.6709127,-6.6528068,-12.390244,-19.96435,-28.446215
PNC,PNC Financial Services Group Inc,Banks - Regional,-0.79927486,0.037392497,-5.4095464,3.766592,19.369392,15.354765
PNFP,Pinnacle Financial Partners Inc,Banks - Regional,-0.74932563,0.21184303,-7.461574,3.3499792,19.427748,4.1190653
PNR,Pentair plc,Specialty Industrial Machinery,0.71199715,-1.6342142,-11.731669,-23.869753,-34.58203,-45.669292
PNTG,Pennant Group Inc,Medical Care Facilities,-0.34904015,0.93434346,2.0163348,19.527512,28.727858,41.98934
PNW,Pinnacle West Capital Corp,Utilities - Regulated Electric,-0.524109,-2.3461618,-5.487501,-7.251759,-2.436517,6.9898534
PODD,Insulet Corp,Medical Devices,1.0449927,0.95707655,-0.329277,-4.4731064,-38.6878,-51.01323
POET,POET Technologies Inc,Semiconductors,-2.960969,-9.875,-23.297873,-40.658436,21.58516,13.902054
PONY,Pony AI Inc ADR,Information Technology Services,-0.5961252,-1.3313609,-16.41604,-20.023981,-36.65717,-54
POOL,Pool Corp,Industrial Distribution,-2.8528178,-6.216277,-12.395653,-16.14654,-16.71159,-27.055738
POR,Portland General Electric Co,Utilities - Regulated Electric,-1.3103161,-2.905668,-6.7230196,-5.4404144,-6.906023,-1.1252344
POST,Post Holdings Inc,Packaged Foods,-2.7718282,-4.8106575,-2.747322,-12.713494,-20.212986,-22.089853
POWI,Power Integrations Inc,Semiconductors,-0.49474335,-2.8968015,-22.27053,-44.587303,3.9181917,35.818794
POWL,Powell Industries Inc,Electrical Equipment & Parts,0.39250147,-4.931765,-21.652266,-42.338493,-0.36627907,61.274235
PPC,Pilgrim's Pride Corp,Packaged Foods,-1.2892562,-1.2566137,3.7886689,9.297218,-15.242691,-23.41626
PPG,PPG Industries Inc,Specialty Chemicals,-0.34204274,-2.1183276,-7.537024,-11.298098,7.889323,2.3716571
PPL,PPL Corp,Utilities - Regulated Electric,-1.6572951,-3.82055,-7.566064,-6.0768795,-9.083447,-5.111365
PPLI,People Inc,Internet Content & Information,-1.7962536,1.4581124,-3.113924,-10.416667,0,0
PPTA,Perpetua Resources Corp,Other Precious Metals & Mining,0.6208426,-8.360258,-6.97007,-6.7023025,-9.203682,-6.2783976
PR,Permian Resources Holdings Inc,Oil & Gas E&P,3.0723906,3.6833193,10.414788,32.881172,22.02292,74.55453
PRAX,Praxis Precision Medicines Inc,Biotechnology,-5.3395853,-9.383145,-16.865932,10.835607,4.8908854,6.1613626
PRCH,Porch Group Inc,Insurance - Property & Casualty,-2.8450363,-2.014652,-4.2362766,29.644588,126.056335,75.79408
PRCT,Procept BioRobotics Corp,Medical Devices,-8.182683,-6.943105,-8.487434,-11.141805,-25.164793,-38.652256
PRDO,Perdoceo Education Corp,Education & Training Services,-0.42347246,-0.78360456,2.7465668,2.778645,-4.7453704,12.240027
PRG,PROG Holdings Inc,Rental & Leasing Services,-2.8089888,-2.9388192,-13.828273,-5.464481,30.918919,23.194304
PRGO,Perrigo Company plc,Drug Manufacturers - Specialty & Generic,-0.6593407,-5.4393306,5.772231,32.292683,46.594593,-2.586207
PRGS,Progress Software Corp,Software - Infrastructure,0.99698585,6.7385445,1.6332245,46.7655,39.213806,1.396648
PRI,Primerica Inc,Insurance - Life,-0.80907243,1.7360508,-5.456247,3.9853787,19.32804,13.411519
PRIM,Primoris Services Corp,Engineering & Construction,3.4380476,3.886256,-7.6219144,-24.26456,-44.734188,-38.198807
PRK,Park National Corp,Banks - Regional,-0.60240966,-0.1980516,-9.283317,5.565621,19.465624,22.519384
PRKS,United Parks & Resorts Inc,Leisure,-1.9063181,-7.212777,-18.96513,-22.770155,15.190278,-0.77134985
PRLB,Proto Labs Inc,Metal Fabrication,1.1122475,-2.225244,-12.953995,-2.4302986,41.86547,56.335243
PRM,Perimeter Solutions Inc,Specialty Chemicals,1.1214354,1.0566763,-3.1604786,-16.463737,52.537457,14.6385765
PRMB,Primo Brands Corp,Beverages - Non-Alcoholic,-1.1848341,0,-14.479081,-14.091471,14.434688,27.522936
PRSU,Pursuit Attractions and Hospitality Inc,Travel Services,-1.3835974,2.3304203,2.4796832,-3.4550452,44.562023,46.021378
PRU,Prudential Financial Inc,Insurance - Life,-0.15899582,1.4627094,-4.214836,11.996621,28.248953,5.696315
PRVA,Privia Health Group Inc,Health Information Services,-2.4904215,-0.2938296,-5.3023257,-13.983946,-4.143126,-14.12906
PS,Pershing Square Inc,Asset Management,-2.42682,6.9078946,-0.9649568,17.011702,0,0
PSA,Public Storage,REIT - Industrial,0.43331078,0.7060421,-8.519627,-6.739595,11.626157,14.327553
PSEC,Prospect Capital Corp,Asset Management,0.90909094,1.8348624,0.4524887,0.4524887,-11.2,-14.285714
PSIX,Power Solutions International Inc,Specialty Industrial Machinery,-0.5321845,-6.725285,-0.6329114,-2.6296206,-25.719152,-31.309065
PSKY,Paramount Skydance Corp,Entertainment,1.2879485,7.7299414,7.101167,10.764587,20.32787,-17.835821
PSLV,Sprott Physical Silver Trust,Asset Management,1.1753184,-6.3463283,-3.9069767,-1.6190476,-5.6621003,-12.642706
PSMT,Pricesmart Inc,Discount Stores,-0.56885517,-1.6470312,-6.7725983,-7.8123283,19.26084,36.78976
PSN,Parsons Corp,Information Technology Services,-0.61780995,0.7777058,1.9449301,-10.649301,-6.7745805,-24.514563
PSNL,Personalis Inc,Diagnostics & Research,-1.1663598,-1.8292683,15.9107275,52.751423,121.763084,102.26131
PSNY,Polestar Automotive Holding UK PLC ADR,Auto Manufacturers,-1.081081,-8.040201,-47.45154,-63.527653,-55.716877,-65.746376
PSO,Pearson plc ADR,Publishing,-0.6828057,1.7164654,-0.9287926,7.5268817,25.588697,13.960114
PSQL,Pasqal Holding SA,Computer Hardware,-6.498195,-5.359318,0,0,0,0
PSTL,Postal Realty Trust Inc,REIT - Office,1.0186757,0.7194245,4.6153846,4.4317684,31.855955,47.45973
PSUS,Pershing Square USA Ltd,Closed-End Fund - Equity,0.13010669,1.664465,-3.1218529,-3.2922845,0,0
PSX,Phillips 66,Oil & Gas Refining & Marketing,3.061542,1.5913798,10.135107,59.4619,50.983074,105.30843
PTA,Cohen & Steers Tax-Advantaged Preferred Securities & Income Fund,Closed-End Fund - Debt,-0.113507375,-2.384914,-5.9326563,-7.7568135,-4.2437434,-8.8555155
PTC,PTC Inc,Software - Application,-2.8540065,2.9948018,-9.062885,15.686275,-11.387758,-23.798864
PTCT,PTC Therapeutics Inc,Biotechnology,-1.2484958,-2.8414977,-9.920417,-16.877691,0.53598773,-13.572933
PTEN,Patterson-UTI Energy Inc,Oil & Gas Drilling,2.3349435,-1.7014694,4.0523944,26.593626,16.498625,108.01964
PTGX,Protagonist Therapeutics Inc,Biotechnology,-2.9638653,-1.1647942,-9.595259,27.060074,45.03894,64.18594
PTON,Peloton Interactive Inc,Leisure,-1.8218623,-4.1501975,-8.31758,-15.944541,26.302084,-21.266233
PTRN,Pattern Group Inc,Internet Retail,-2.653981,-1.0687023,-5.950653,-8.988764,74.0376,68.45754
PTY,PIMCO Corporate & Income Opportunity Fund,Closed-End Fund - Debt,0,-4.1773233,-3.7671232,-4.5840406,-5.1476793,-12.868217
PUBM,PubMatic Inc,Software - Application,1.1452682,3.7082818,-2.83729,48.495575,110.14402,89.177
PUK,Prudential plc ADR,Insurance - Life,-0.6006006,-2.3238657,-6.065981,-1.1571482,-7.152875,-14.910026
PUMP,ProPetro Holding Corp,Oil & Gas Equipment & Services,-0.85714287,-14.811784,-18.608288,-29.423729,-28.64976,9.463722
PURR,Hyperliquid Strategies Inc,Capital Markets,-5.485232,-6.8994184,56.643356,20.689655,115.38461,214.60674
PVH,PVH Corp,Apparel Manufacturing,-1.9175456,4.524887,-8.403684,-7.084469,13.1816025,6.848702
PVLA,Palvella Therapeutics Inc,Biotechnology,-0.30984244,-0.079291664,-1.4981761,33.704685,34.417778,44.473106
PWP,Perella Weinberg Partners,Capital Markets,-6.6805844,-16.39651,-20.083433,-15.394321,-20.931604,-22.48555
PWR,Quanta Services Inc,Engineering & Construction,-1.3938459,-2.173913,-15.084936,-12.659309,10.43591,45.32294
PXED,Phoenix Education Partners Inc,Education & Training Services,-0.22148395,-0.625,0.52063966,-11.493124,2,-10.792079
PYPL,PayPal Holdings Inc,Credit Services,-0.4071812,3.143569,-11.013726,26.581982,22.267666,-7.8280234
Q,Qnity Electronics Inc,Semiconductor Equipment & Materials,-2.2519832,-8.671395,-18.59193,-32.18724,6.506181,40.342926
QBTS,D-Wave Quantum Inc,Computer Hardware,-2.4955437,-4.1471963,-21.370388,-33.535843,4.32295,-37.246655
QCOM,Qualcomm Inc,Semiconductors,4.2464614,6.462585,15.797262,-16.94308,44.57275,9.792459
QCRH,QCR Holding Inc,Banks - Regional,0.087685116,1.3416198,-2.0125906,8.182392,25.863758,23.32533
QFIN,Qfin Holdings Inc ADR,Credit Services,-4.958678,-6.395349,-32.579563,-47.074295,-39.428143,-58.22522
QGEN,Qiagen NV,Diagnostics & Research,1.4326648,-0.047058824,-0.28169015,14.96617,6.3861756,-5.5370245
QLYS,Qualys Inc,Software - Infrastructure,7.206061,8.932244,1.1237794,66.549866,92.212776,39.480812
QMCO,Quantum Corp,Computer Hardware,1.905805,-4.0429044,-6.6613164,49.102566,368.00806,260.62015
QNST,QuinStreet Inc,Advertising Agencies,-0.64935064,3.2620924,-8.996283,40.58193,58.686256,27.76618
QNT,Quantinuum Inc,Software - Application,-0.91649693,-0.49089792,-26.299046,-30.30086,0,0
QQQX,Nuveen NASDAQ 100 Dynamic Overwrite Fund,Closed-End Fund - Equity,-2.7631578,-3.161343,-3.9636128,-1.4666667,10.463378,3.6465638
QRVO,Qorvo Inc,Semiconductors,9.335062,12.18168,22.927946,19.955294,51.04913,39.699444
QS,QuantumScape Corp,Auto Parts,-2.8846154,-3.256705,-17.48366,-37.189056,-23.36874,-51.535507
QSR,Restaurant Brands International Inc,Restaurants,-4.3097982,-1.9737697,-2.1643338,2.7913942,2.359322,10.640481
QTWO,Q2 Holdings Inc,Software - Application,-3.0185633,0.48503095,-6.7225585,40.210033,24.673168,-16.740576
QUBT,Quantum Computing Inc,Computer Hardware,-1.6311166,-2.4875622,-13.370166,-27.137547,12.643678,-23.586744
QURE,uniQure NV,Biotechnology,-4.0730023,-6.304348,-10.152179,-6.8913374,167.86824,80.10865
QVCG,QVC Group Inc,Specialty Retail,-2.6299694,-5.5753264,3.3766234,0,0,0
QXO,QXO Inc,Industrial Distribution,-5.5326176,-9.992132,-18.168812,-35.585587,-38.62661,-40.69466
R,Ryder System Inc,Rental & Leasing Services,0.012441422,-1.4668028,-8.893086,-8.433003,25.748253,26.004494
RACE,Ferrari NV,Auto Manufacturers,-0.52801406,1.1408545,-2.4406617,12.368486,29.332867,10.109319
RAL,Ralliant Corp,Electronic Components,0.66001534,-2.119403,-8.878699,-3.813435,60.735294,28.815557
RAMP,LiveRamp Holdings Inc,Software - Infrastructure,-0.1062417,-0.39724576,-0.18577495,-0.3444621,41.497368,28.05584
RAPP,Rapport Therapeutics Inc,Biotechnology,-3,-2.745813,-11.854606,14.301018,57.60709,40.67238
RARE,Ultragenyx Pharmaceutical Inc,Biotechnology,-3.967671,-8.665269,-49.980865,-52.368805,-34.222446,-43.173912
RBA,RB Global Inc,Specialty Business Services,2.4753065,5.8772902,4.871514,-22.121733,-9.338808,-16.292408
RBC,RBC Bearings Inc,Tools & Accessories,1.0233704,-0.47938442,-13.254546,-24.32335,-8.924705,7.867449
RBCAA,Republic Bancorp Inc (KY),Banks - Regional,0.16578592,0.42592978,-0.093013644,14.051439,44.69391,40.121758
RBLX,Roblox Corp,Electronic Gaming & Multimedia,-2.0471828,12.848158,32.45452,-2.503396,-11.797752,-37.998272
RBRK,Rubrik Inc,Software - Infrastructure,3.3433135,16.584103,2.5044546,47.46511,110.12581,35.394875
RCAT,Red Cat Holdings Inc,Aerospace & Defense,2.1153846,-2.0295203,-23.706896,-30.375874,-39.88679,0.4413619
RCBC,River City Bank,Banks - Regional,0.719697,1.1988583,11.162208,0,0,0
RCI,Rogers Communications Inc,Telecom Services,-2.2100954,-1.6465423,-0.69271266,-4.6047378,-6.1288633,-5.0092764
RCL,Royal Caribbean Group,Travel Services,-2.3654735,-4.026794,-17.392889,-20.226553,-5.442822,-10.619533
RCUS,Arcus Biosciences Inc,Biotechnology,1.0386373,-14.636715,-17.726658,0.041135333,12.384473,2.0562317
RDDT,Reddit Inc,Internet Content & Information,-1.6935583,9.007102,-2.9604864,-8.762003,14.143725,-30.556402
RDN,Radian Group Inc,Insurance - Specialty,-1.3668061,-2.7235212,-4.5614033,1.9020172,8.900523,-1.7504863
RDNT,Radnet Inc,Diagnostics & Research,2.1592264,8.818964,1.567233,43.505768,25.418768,8.086896
RDVT,Red Violet Inc,Software - Application,-0.104863025,2.4327958,12.007643,38.31216,98.515236,33.81914
RDW,Redwire Corp,Aerospace & Defense,2.478551,0.46728972,-19.835943,-25.087109,16.847826,41.44737
RDWR,Radware,Software - Infrastructure,0.91525424,6.321429,3.1531532,9.852399,18.041237,23.578249
RDY,Dr. Reddy's Laboratories Ltd ADR,Drug Manufacturers - Specialty & Generic,-3.02267,-2.7777777,-4.6242776,-13.092551,-16.061047,-17.735043
REAL,Therealreal Inc,Luxury Goods,-3.2291133,-1.2035583,-14.801444,-24.176706,9.259259,-40.17744
REF,Reformation Inc,Apparel Retail,9.5796,16.483517,-0.625,0,0,0
REG,Regency Centers Corp,REIT - Retail,-0.64403594,-1.7122378,-3.037842,-3.6810615,-1.0952318,7.2722006
REGN,Regeneron Pharmaceuticals Inc,Biotechnology,-2.473102,-4.152789,-3.9482336,26.915762,5.6271915,0.29020432
RELX,RELX Plc ADR,Specialty Business Services,-4.199328,-0.08759124,1.9666269,9.74984,2.5779376,-15.338942
RELY,Remitly Global Inc,Software - Infrastructure,-1.8876405,-9.3061905,-16.996199,3.4597156,42.214985,58.188404
REPL,Replimune Group Inc,Biotechnology,-0.6102212,-9.826989,-10.936432,27.87046,86.676216,34.053497
REPX,Riley Exploration Permian Inc,Oil & Gas E&P,3.8870893,4.0797405,21.02426,36.806824,28.395767,70.07576
RES,RPC Inc,Oil & Gas Equipment & Services,1.3114754,-6.079027,-5.936073,-6.079027,-9.516837,13.6029415
REX,REX American Resources Corp,Chemicals,1.0255188,-0.88909686,-6.137824,-3.3759124,9.429088,31.064356
REXR,Rexford Industrial Realty Inc,REIT - Industrial,0.49440542,4.1812787,7.696598,16.60628,13.688549,-0.25826445
REYN,Reynolds Consumer Products Inc,Packaging & Containers,0.50389373,1.8097448,-15.322269,-8.085463,5.480769,-4.2757416
REZI,Resideo Technologies Inc,Industrial Distribution,-3.7056098,-0.9004237,-9.350775,-41.366344,-42.939922,-46.725513
RF,Regions Financial Corp,Banks - Regional,-1.1655011,-0.7025761,-6.3722396,3.7037036,17.0347,9.520295
RGA,Reinsurance Group Of America Inc,Insurance - Reinsurance,-0.2770528,1.3590173,0.5587497,17.963333,25.44068,22.06822
RGC,Regencell Bioscience Holdings Ltd,Drug Manufacturers - Specialty & Generic,-2.4390244,-4.2735043,4.6728973,-53.37219,-79.53964,-73.333336
RGEN,Repligen Corp,Medical Instruments & Supplies,4.0059524,5.8648896,3.3660672,32.35116,53.433437,6.633712
RGLD,Royal Gold Inc,Gold,1.13554,-4.3345776,6.1448736,16.916489,16.704615,12.987538
RGTI,Rigetti Computing Inc,Computer Hardware,-1.1787819,-0.984252,-19.175148,-29.353933,1.4112903,-31.873589
RH,RH,Specialty Retail,-6.9613175,-10.432661,-29.033543,-15.706665,-2.2091656,-30.320961
RHI,Robert Half Inc,Staffing & Employment Services,-1.1102505,-0.6485084,-9.818696,21.240898,64.44826,41.0162
RHLD,Resolute Holdings Management Inc,Specialty Business Services,-3.0931072,-8.590048,-9.805641,-4.131718,-23.310139,-40.20249
RHP,Ryman Hospitality Properties Inc,REIT - Hotel & Motel,-1.2193125,-1.4612244,-2.7395053,-3.5477426,33.647034,27.573452
RIG,Transocean Ltd,Oil & Gas Drilling,8.990826,4.028021,1.1925043,11.864407,-4.501608,43.825665
RIGL,Rigel Pharmaceuticals,Biotechnology,-2.1830208,-6.0567555,4.499411,34.791855,70.87827,3.5722625
RIO,Rio Tinto plc ADR,Other Industrial Metals & Mining,-0.38918477,-6.246385,0.05143504,-2.8177457,16.969332,21.529427
RIOT,Riot Platforms Inc,Capital Markets,-5.966587,-10.738559,-1.6966068,-29.893238,47.23468,55.485397
RITM,Rithm Capital Corp,REIT - Mortgage,-2.047083,-2.9411764,-6.7251463,4.134929,9.122006,-12.201835
RIVN,Rivian Automotive Inc,Auto Manufacturers,-2.0176544,-2.905342,4.5057163,-5.9322033,4.2253523,-21.156773
RJET,Republic Airways Holdings Inc,Airlines,-1.1337868,-2.1324356,-13.748764,-3.3259423,4.243873,-5.062602
RJF,Raymond James Financial Inc,Asset Management,-1.2002342,-3.8297145,-5.978382,8.270243,17.342327,5.081263
RKLB,Rocket Lab Corp,Aerospace & Defense,1.598721,0.76105917,-22.575537,-40.740395,-5.473747,-8.90195
RKT,Rocket Companies Inc,Mortgage Finance,-1.8601191,-1.7870439,-9.034483,-8.5298195,-3.3699634,-31.869835
RL,Ralph Lauren Corp,Apparel Manufacturing,-1.815892,-0.11322666,-11.621101,-18.832474,1.6248826,-5.197817
RLAY,Relay Therapeutics Inc,Biotechnology,-0.47219306,1.6613076,-8.22448,19.458439,91.422806,124.23168
RLI,RLI Corp,Insurance - Property & Casualty,0.065210305,0.29411766,-1.6661327,15.614993,5.900621,-4.06377
RLJ,RLJ Lodging Trust,REIT - Hotel & Motel,0.45787546,0.9199632,-0.90334237,-4.024497,46.266666,47.24832
RLX,RLX Technology Inc ADR,Tobacco,-1.1428572,-1.7045455,-7.486631,-5.978261,-20.642202,-25.751074
RMBS,Rambus Inc,Semiconductors,3.3835053,-5.179692,-17.393898,-41.12772,-9.367503,-9.554903
RMD,Resmed Inc,Medical Instruments & Supplies,2.8925064,4.314617,4.115805,21.634947,1.5266162,-4.7452984
RMIX,Suncrete Inc,Building Materials,-0.52710843,-9.022038,-25.282804,-46.819645,0,0
RNG,RingCentral Inc,Software - Application,0.15210177,4.006318,13.048228,106.82467,92.47941,150.7964
RNP,Cohen & Steers REIT & Preferred & Income Fund Inc,Closed-End Fund - Debt,-0.10251153,-1.764113,-4.6943765,-1.9124308,-1.2164217,-1.8630413
RNR,RenaissanceRe Holdings Ltd,Insurance - Reinsurance,-0.5807271,1.9130003,3.2025118,9.870642,13.060227,16.908522
RNST,Renasant Corp,Banks - Regional,-0.07318858,1.3109077,-4.9872417,-1.7510195,17.667337,16.297558
RNW,ReNew Energy Global plc,Utilities - Renewable,0,-0.2919708,0.14662756,8.06962,34.714005,20.884956
ROAD,Construction Partners Inc,Engineering & Construction,-1.9296254,-3.1883469,-21.10244,-22.593256,-9.416698,-12.445877
ROCK,Gibraltar Industries Inc,Building Products & Equipment,-0.7331704,-2.2105494,-5.996213,9.242054,14.97684,-9.627831
ROG,Rogers Corp,Electronic Components,-0.7348485,1.0410241,-10.216527,-19.455372,32.917427,43.092716
ROIV,Roivant Sciences Ltd,Biotechnology,-3.7055094,-5.524994,8.995585,25.676105,42.599277,82.02765
ROK,Rockwell Automation Inc,Specialty Industrial Machinery,-0.44168556,-2.131055,-6.207827,-11.986323,17.428402,7.1786566
ROKU,Roku Inc,Entertainment,-0.52715147,2.4329627,-1.0675257,13.435214,67.92109,44.363537
ROL,Rollins Inc,Personal Services,-4.3613706,-2.2292993,-6.2465296,-24.88879,-36.594067,-43.73542
ROOT,Root Inc,Insurance - Property & Casualty,-1.3436407,2.9185867,7.8470826,3.0967493,17.569643,-25.792606
ROP,Roper Technologies Inc,Software - Application,-2.7039356,-1.6421161,-1.4805881,16.255621,8.555757,-13.746546
ROST,Ross Stores Inc,Apparel Retail,-1.6431925,0.43947265,-3.83373,-2.8092782,7.1357546,25.60231
RPC,Ridgepost Capital Inc,Asset Management,-1.7391304,-2.586207,-7.268464,-2.9447854,4.4914136,0
RPD,Rapid7 Inc,Software - Infrastructure,-2.5801408,17.992424,0.7275667,85.14116,97.46434,-18.026316
RPM,RPM International Inc,Specialty Chemicals,-0.20831266,0.8925885,-10.362648,-6.851852,7.905181,-3.2692308
RPRX,Royalty Pharma plc,Biotechnology,-0.98221844,-3.498927,-1.648444,10.4040785,28.902117,51.319878
RQI,Cohen & Steers Quality Income Realty Fund Inc,Closed-End Fund - Equity,-1.3686912,-2.946128,-6.639676,-6.0309696,-4.1562757,0.96322244
RRC,Range Resources Corp,Oil & Gas E&P,2.4951077,0.38332534,6.453252,15.141522,-5.779177,18.831537
RRR,Red Rock Resorts Inc,Resorts & Casinos,-1.716895,-2.1992004,-14.871065,-12.261536,-6.4499307,-13.139628
RRX,Regal Rexnord Corp,Specialty Industrial Machinery,-0.922857,-4.4859343,-12.646115,-32.77626,-13.084378,8.6445265
RS,Reliance Inc,Steel,2.0222263,-0.7569812,-8.415495,-1.0950195,34.911896,35.70118
RSG,Republic Services Inc,Waste Management,-1.2441887,0.25621432,3.614234,8.831853,1.7054263,5.242297
RSI,Rush Street Interactive Inc,Gambling,-0.5720824,-2.4326348,2.4361494,-10.381575,25.942028,34.173958
RSKD,Riskified Ltd,Software - Application,-1.4308426,4.7297297,-1.5873016,25.252525,50.85158,24.748491
RTO,Rentokil Initial Plc ADR,Specialty Business Services,-1.6851441,-2.6777875,-5.859873,-22.1559,-28.06619,-24.745417
RTX,RTX Corp,Aerospace & Defense,0.081908464,-1.037712,-11.7939005,5.3340516,-1.3423496,6.597601
RUM,RUM Group Inc,Internet Content & Information,2.5,9.042553,-0.4854369,11.413043,57.692307,29.746836
RUN,Sunrun Inc,Solar,0.84033614,-4.5454545,-14.547304,-37.869823,-31.26023,-54.347828
RUSHA,Rush Enterprises Inc,Auto & Truck Dealerships,1.3160601,-0.14187272,-10.014556,5.4129224,17.290813,37.013348
RVLV,Revolve Group Inc,Internet Retail,1.0736945,6.25962,-10.501296,-4.956402,-6.3319764,-31.401127
RVMD,Revolution Medicines Inc,Biotechnology,-0.121885814,-1.3578583,-3.3679245,25.688692,113.88599,157.20026
RVT,Royce Small Cap Trust Inc,Closed-End Fund - Equity,-1.4814814,-4.843148,-9.143457,-3.6231885,6.728395,7.3913045
RVTY,Revvity Inc,Diagnostics & Research,9.105767,13.193379,20.676594,40.19,63.125435,44.899223
RXO,RXO Inc,Trucking,0.5652621,-2.3453095,-16.545843,-22.922411,47.92139,54.82595
RXRX,Recursion Pharmaceuticals Inc,Biotechnology,-4.9853373,0.777605,4.180064,0.30959752,-0.30769232,-20.782396
RXT,Rackspace Technology Inc,Software - Infrastructure,-4.297994,3.0864198,-15.443038,-53.739613,97.63313,244.01071
RY,Royal Bank Of Canada,Banks - Diversified,-0.45330474,-1.2475219,-5.532171,1.3246676,28.285175,19.790016
RYAAY,Ryanair Holdings Plc ADR,Airlines,-2.2761474,-4.239631,-9.40007,-15.169824,-9.855978,-28.037125
RYAN,Ryan Specialty Holdings Inc,Insurance Brokers,-1.2345679,-0.63371354,-5.950096,12.096083,13.033448,-24.07515
RYN,Rayonier Inc,REIT - Specialty,0.83950615,-0.19550343,-4.6240077,-2.6692088,4.717949,-5.6812935
RYTM,Rhythm Pharmaceuticals Inc,Biotechnology,-5.5349474,-4.2450027,-16.172903,-0.020663291,10.657518,-9.594544
RYZ,Ryerson Holding Corp,Metal Fabrication,1.9190655,-4.941634,-16.335617,-11.805054,22.517553,0
RZLV,Rezolve AI Plc,Software - Infrastructure,-0.4366812,-0.8695652,-12.643678,-16.17647,-9.881423,-11.284047
S,SentinelOne Inc,Software - Infrastructure,3.8478549,20.781893,7.6076994,56.3249,65.70219,56.533333
SA,Seabridge Gold Inc,Gold,-1.0469435,-9.344059,-9.623689,-1.1804384,19.934507,-0.9800608
SABR,Sabre Corp,Software - Infrastructure,-3.908046,-2.3364487,-3.0162413,11.170213,58.333332,53.67647
SAFE,Safehold Inc,REIT - Diversified,-0.50541514,-5.745554,-8.010681,-10.169492,-0.14492753,0.6574142
SAFT,Safety Insurance Group Inc,Insurance - Property & Casualty,0.20329139,0.077346995,0.14512384,46.760242,44.850266,32.858425
SAH,Sonic Automotive Inc,Auto & Truck Dealerships,-1.9792895,-1.9278688,-6.82781,-7.3702464,24.5503,20.885872
SAIA,Saia Inc,Trucking,0.78910637,2.0920503,-8.156378,-18.689096,11.037881,8.354772
SAIC,Science Applications International Corp,Information Technology Services,1.3105068,5.974643,7.5599165,30.618225,38.24685,32.863102
SAIL,Sailpoint Inc,Software - Infrastructure,0.5030181,13.651877,7.477138,49.88747,63.10204,-1.2357885
SAM,Boston Beer Co Inc,Beverages - Brewers,-0.040854443,5.5073,-6.050466,-2.7482824,-23.269567,-12.227746
SAN,Banco Santander SA ADR,Banks - Diversified,-0.6105834,-0.20435968,0.41124058,8.518518,39.126305,24.893436
SANA,Sana Biotechnology Inc,Biotechnology,-1.25,-0.3154574,-14.130435,0.31746033,1.607717,-22.358723
SANM,Sanmina Corp,Electronic Components,-2.259743,-7.053117,-11.7126665,-20.6551,55.958,27.680416
SAP,Sap SE ADR,Software - Application,-1.195712,3.1223104,3.767321,38.944725,22.67918,-11.21403
SARO,StandardAero Inc,Aerospace & Defense,-1.398305,-3.9223783,-15.041986,-16.144144,-9.1015625,-18.86332
SATA,Strive Inc - VR PRF PERPETUAL USD 100 - Ser A,Asset Management,-0.0099990005,-0.0099990005,0.52271813,2.3436701,2.9866118,5.1635294
SATL,Satellogic Inc,Aerospace & Defense,4.5360823,1.6032064,-12.736661,-15.920398,41.225628,171.123
SB,Safe Bulkers Inc,Marine Shipping,3.1137724,2.9904306,6.296296,28.507463,42.31405,78.63071
SBAC,SBA Communications Corp,REIT - Specialty,0.03823674,-1.9278141,0.5655922,-1.99604,5.1622167,-5.319754
SBCF,Seacoast Banking Corp Of Florida,Banks - Regional,-0.20372526,1.269935,-4.217877,11.18677,16.911013,9.13431
SBET,Sharplink Inc,Capital Markets,-8.961749,-2.4590163,27.95699,57.46692,12.567568,-6.823266
SBGI,Sinclair Inc,Broadcasting,-1.9457957,4.132841,-0.98245615,3.218727,6.5709968,-7.7777777
SBH,Sally Beauty Holdings Inc,Specialty Retail,-2.1236727,-2.3067331,-3.5098522,13.304411,11.84868,9.887798
SBLK,Star Bulk Carriers Corp,Marine Shipping,1.2325656,0.16046213,3.7221668,20.922123,39.767128,62.382935
SBR,Sabine Royalty Trust,Oil & Gas Midstream,1.6255758,1.0642598,3.2053928,3.7908134,-0.079914756,9.4064455
SBRA,Sabra Healthcare REIT Inc,REIT - Healthcare Facilities,-1.1219512,-2.5012026,-0.19694732,11.865342,3.4711587,7.0221753
SBS,Companhia de Saneamento Basico do Estado de Sao Paulo ADR,Utilities - Regulated Water,0.38314176,1.1583011,14.4104805,-0.1904762,-5.9414825,10.030868
SBSI,Southside Bancshares Inc,Banks - Regional,-1.0879701,-0.28204325,-2.7506113,-5.382099,5.714286,4.7054954
SBSW,Sibanye Stillwater Limited ADR,Other Precious Metals & Mining,-0.5877414,-9.756098,7.9307203,22.440538,5.150977,-16.912281
SBUX,Starbucks Corp,Restaurants,-2.5133743,-3.4586165,-10.507784,-4.043716,4.354403,14.689466
SCCO,Southern Copper Corp,Copper,0.55216354,-9.495364,-1.3799208,-0.6568847,26.762741,36.073532
SCHW,Charles Schwab Corp,Capital Markets,0.44730222,1.1732682,-2.5230603,17.546347,13.870695,7.8870983
SCI,Service Corp International,Personal Services,-0.098425195,1.8948425,-1.6115352,11.814927,7.6494765,4.142619
SCL,Stepan Co,Specialty Chemicals,0.7691049,-0.35598704,-4.851669,14.163886,37.332737,30.025337
SCSC,Scansource Inc,Electronics & Computer Distribution,-1.6385049,1.176264,11.4484625,16.119282,66.416405,47.542244
SCZM,Santacruz Silver Mining Ltd,Other Industrial Metals & Mining,-3.6789298,-17.162033,-1.2571429,20.83916,21.008404,0
SDGR,Schrodinger Inc,Health Information Services,12.048193,21.09375,33.62069,47.52538,93.42762,30.033558
SDRL,Seadrill Ltd,Oil & Gas Drilling,6.165991,3.62349,6.098081,29.11261,14.12844,43.81503
SE,Sea Ltd ADR,Internet Retail,-5.548399,-5.5744643,-14.064462,12.456179,30.183893,-19.534374
SEB,Seaboard Corp,Conglomerates,0.60102665,-0.6120813,-3.6457398,-10.531804,-12.845444,-3.4831557
SECZ,Securitize Corp,Software - Application,-2.9232643,-5.456702,47.86642,0,0,0
SEDG,Solaredge Technologies Inc,Solar,-0.1981319,0.14200512,14.5177,-39.25926,-31.838392,22.21837
SEI,Solaris Energy Infrastructure Inc,Oil & Gas Equipment & Services,0.83456063,-8.940446,-6.5939064,-25.651545,-0.30739364,34.04394
SEIC,SEI Investments Co,Asset Management,0.29381102,-1.2596809,0.3318479,18.313953,36.03291,29.017313
SENEA,Seneca Foods Corp,Packaged Foods,-3.5900187,-6.2464123,-5.192612,15.277511,27.671972,62.39718
SEPN,Septerna Inc,Biotechnology,-1.744627,2.3439558,-12.081448,7.437103,60.71133,39.38307
SEZL,Sezzle Inc,Credit Services,-2.0564284,1.6476011,-2.5454247,-27.076189,80,87.58566
SF,Stifel Financial Corp,Capital Markets,-1.4749262,-4.748915,-8.536731,4.460158,8.5488205,-7.9779587
SFBS,ServisFirst Bancshares Inc,Banks - Regional,0.07092199,0.66587394,-6.4840384,5.219985,17.079243,17.927288
SFD,Smithfield Foods Inc,Packaged Foods,-1.1324471,-2.1442494,-11.189739,-19.486769,-13.148788,-10.076131
SFL,SFL Corp Ltd,Marine Shipping,1.7638037,5.905826,6.330128,22.756706,28.088802,69.91037
SFM,Sprouts Farmers Market Inc,Grocery Stores,-2.1707284,0.47873068,-8.858561,-8.734004,-10.195599,-7.794653
SFNC,Simmons First National Corp,Banks - Regional,-0.21505377,1.2216405,-3.0910609,5.936073,22.49208,23.076923
SG,Sweetgreen Inc,Restaurants,-5.793103,1.6369047,16.156462,-23.857302,29.35606,1.0355029
SGHC,Super Group (SGHC) Limited,Gambling,-3.2397408,-3.655914,3.1465847,0.9009009,28.489483,12.468619
SGI,Somnigroup International Inc,"Furnishings, Fixtures & Appliances",-4.0369935,-4.1917048,0.55376095,-12.9560585,-9.044107,-26.780914
SGML,Sigma Lithium Corp,Other Industrial Metals & Mining,2.020202,-14.001892,-20.47244,-33.406593,0.49751243,-31.084154
SGP,SpyGlass Pharma Inc,Biotechnology,1.0467551,5.309091,12.335143,54.86631,11.384615,0
SGRY,Surgery Partners Inc,Medical Care Facilities,-2.7777777,-3.3286119,-4.9442897,-6.185567,15.677966,-11.650485
SHAK,Shake Shack Inc,Restaurants,-8.2506695,-7.5226154,-21.458418,-1.3710223,-33.50451,-28.212393
SHAZ,SharonAI Holdings Inc,Information Technology Services,-3.6987092,-11.911894,-34.9935,-46.073357,109.60168,0
SHBI,Shore Bancshares Inc,Banks - Regional,0.21258503,1.9022914,-0.2961083,7.331512,32.78873,33.31448
SHC,Sotera Health Co,Diagnostics & Research,2.4838014,3.5460992,0.9574468,19.974716,40.592594,7.5963717
SHEL,Shell Plc ADR,Oil & Gas Integrated,2.5920167,3.504184,8.000437,25.555132,9.409554,34.662495
SHG,Shinhan Financial Group Co Ltd ADR,Banks - Regional,-1.7596005,1.1259332,8.838251,23.975994,33.878807,54.07421
SHLS,Shoals Technologies Group Inc,Solar,0.14184397,0,-14.216282,-32.24568,15.737705,-16.941177
SHO,Sunstone Hotel Investors Inc,REIT - Hotel & Motel,0.18198362,0.18198362,1.1019284,-7.556675,23.986486,23.154362
SHOO,Steven Madden Ltd,Footwear & Accessories,-4.4402456,-6.9028993,-13.175965,-8.440824,27.112787,-2.8338137
SHOP,Shopify Inc,Software - Application,-3.0099335,2.4213266,-12.64043,19.301792,11.200548,-19.326582
SHW,Sherwin-Williams Co,Specialty Chemicals,-0.39445302,0.8046407,-7.6435122,0.7575049,6.487003,-0.24997686
SIBN,SI-BONE Inc,Medical Devices,-0.80213904,0.76045626,-0.7490637,17.108585,45.035183,-5.933063
SID,Companhia Siderurgica Nacional ADR,Steel,1.6949153,-9.774436,33.31852,16.504854,5.263158,-25
SIFY,Sify Technologies Limited ADR,Telecom Services,0.81120944,-4.4055943,-11.806452,-10.065789,-1.5838733,12.141099
SIG,Signet Jewelers Ltd,Luxury Goods,-0.87344915,-2.5468385,15.979561,13.192792,12.150477,20.499517
SIGI,Selective Insurance Group Inc,Insurance - Property & Casualty,-0.08946545,-0.86551267,-2.9967427,-3.2174196,20.664505,6.7766223
SII,Sprott Inc,Asset Management,-3.6148238,-2.3091133,4.092512,3.8030589,-5.5443926,29.616013
SIM,Grupo Simec SAB de CV ADR,Steel,0,0,0,0,0,-10.991234
SIMO,Silicon Motion Technology Corp ADR,Semiconductors,1.0092479,-13.863882,-12.284562,-25.635765,93.27731,158.03668
SIND,Sinda Ltd,Other Precious Metals & Mining,-6.11581,-13.124623,-13.541042,0,0,0
SIRI,Sirius XM Holdings Inc,Entertainment,0.5107252,3.433777,1.3562232,5.315733,34.242836,47.63691
SITE,SiteOne Landscape Supply Inc,Industrial Distribution,-1.9476159,-10.438605,-8.4161005,-20.48652,-31.267164,-29.672447
SITM,SiTime Corp,Semiconductors,-1.4256291,-6.6930003,-26.559832,-24.504827,69.18419,55.83397
SJM,J.M. Smucker Co,Packaged Foods,0.3297609,-1.3056524,3.2843928,9.778098,22.471571,24.424906
SKE,Skeena Resources Ltd,Other Industrial Metals & Mining,0.09807126,-7.07132,-4.7589426,6.6898956,16.558813,29.034977
SKHY,SK Hynix Inc ADR,Semiconductors,-0.45550305,-11.982078,2.0130703,0,0,0
SKM,SK Telecom Co Ltd ADR,Telecom Services,-2.0099118,-4.6355844,-10.935936,-1.7122341,25.140648,73.356064
SKT,Tanger Inc,REIT - Retail,-0.43992302,-1.4157364,-5.727675,-7.462305,6.31239,8.510638
SKWD,Skyward Specialty Insurance Group Inc,Insurance - Property & Casualty,-0.8997429,2.6175687,0.44293904,14.369066,40.147842,13.1383295
SKY,Champion Homes Inc,Residential Construction,1.0506208,1.6086434,-9.194292,1.5598752,16.680452,0.16568047
SKYH,Sky Harbour Group Corp,Real Estate - Development,-1.4792899,-3.1037827,-2.8210118,4.716981,5.714286,11.371238
SKYW,Skywest Inc,Airlines,-1.1021838,-0.052050803,-9.081439,3.6489258,9.238821,-4.382034
SLAB,Silicon Laboratories Inc,Semiconductors,0.31466618,0.06823765,0.31009167,0.100113764,6.652121,68.30145
SLB,SLB Ltd,Oil & Gas Equipment & Services,1.6504126,-4.995618,0.63126624,12.705344,16.234184,41.219383
SLBT,SL Science Holding Ltd,Biotechnology,-7.729469,-26.819923,-30.797102,-67.01209,0,0
SLDB,Solid Biosciences Inc,Biotechnology,-4.2334094,-12.264151,-8.021978,0.48019207,19.061167,48.404255
SLDE,Slide Insurance Holdings Inc,Insurance - Property & Casualty,0.9531071,7.1630917,22.592592,59.710495,61.759315,35.93429
SLF,Sun Life Financial Inc,Insurance - Diversified,0.37392497,2.6121304,-0.22302069,2.0012667,29.740616,29.054487
SLG,SL Green Realty Corp,REIT - Office,-0.32704887,-1.1825291,-7.663518,2.47231,38.233727,12.94964
SLGN,Silgan Holdings Inc,Packaging & Containers,-1.5889287,0.1303781,-7.847372,-7.803121,0.89332634,-4.8798614
SLM,SLM Corp,Credit Services,-0.9469697,0.22997317,-4.1422286,13.547546,32.53928,-3.3628972
SLN,Silence Therapeutics Plc ADR,Biotechnology,-4.5941806,-8.04428,-13.170732,79.79798,101.94489,104.93421
SLS,SELLAS Life Sciences Group Inc,Biotechnology,-3.7100213,-19.0681,-13.153846,40.248447,137.18488,199.4695
SLSR,Solaris Resources Inc,Other Precious Metals & Mining,-3.0013642,-16.15566,-11.346633,-20.558659,-8.846154,-10.790464
SLVM,Sylvamo Corp,Paper & Paper Products,-1.0212766,-1.5519187,-4.2272854,-12.027231,-5.982215,-27.53894
SM,SM Energy Co,Oil & Gas E&P,5.7904177,8.715114,16.375423,52.137066,37.450066,120.80214
SMA,Smartstop Self Storage REIT Inc,REIT - Industrial,-0.3725551,0.5010961,-5.8944283,-1.8053856,5.872649,3.7168713
SMBC,Southern Missouri Bancorp Inc,Banks - Regional,0.25920874,0.9200769,-3.745907,1.3515377,19.16653,24.306496
SMBK,SmartFinancial Inc,Banks - Regional,0.3840246,2.7717712,0.59649795,17.088467,40.499866,41.335495
SMCI,Super Micro Computer Inc,Computer Hardware,-2.9940119,-8.451066,-6.8965516,16.24266,73.59961,21.762897
SMFG,Sumitomo Mitsui Financial Group Inc ADR,Banks - Diversified,-1.688693,1.786393,2.057927,6.14348,40.356396,38.541126
SMG,Scotts Miracle-Gro Company,Agricultural Inputs,0.321946,-1.4235501,-5.2533784,-13.294172,-9.924522,-3.8731792
SMMT,Summit Therapeutics Inc,Biotechnology,-5.5374594,-0.7981756,36.150234,26.545454,12.185687,-0.5145798
SMP,Standard Motor Products Inc,Auto Parts,-1.8039216,-4.2081103,-3.0959752,-4.69424,8.242075,1.92673
SMPL,Simply Good Foods Co,Packaged Foods,-1.1066399,-5.3897977,-9.317343,-22.169437,-30.431705,-51.04582
SMR,NuScale Power Corp,Specialty Industrial Machinery,-0.9400705,-22.016651,-8.269858,-28.194208,-26.31119,-40.508114
SMTC,Semtech Corp,Semiconductors,2.6249576,-7.94803,-2.1462846,-4.6261773,105.040764,104.79034
SN,SharkNinja Inc,"Furnishings, Fixtures & Appliances",-1.4915694,-1.3053751,-9.002287,18.63817,70.413055,49.320824
SNA,Snap-on Inc,Tools & Accessories,-0.7835248,-0.6888877,-6.5799313,-3.2098129,5.021014,8.7695875
SNAP,Snap Inc,Internet Content & Information,-0.17123288,9.792844,12.548263,25.107296,30.133928,-27.757126
SNDA,Sonida Senior Living Inc,Medical Care Facilities,-0.35149384,0.30326006,1.6910069,10.372636,24.889868,21.711132
SNDK,Sandisk Corp,Computer Hardware,-1.3592227,-13.222932,-14.324369,-29.928139,115.70712,544.9132
SNDR,Schneider National Inc,Trucking,0.4980955,1.6296296,-5.795111,-3.867713,44.42105,29.2876
SNDX,Syndax Pharmaceuticals Inc,Biotechnology,-1.4168937,-8.820564,-8.451417,-4.7894735,-25.340487,-13.898144
SNEX,StoneX Group Inc,Capital Markets,-2.436889,-3.576579,-2.2657506,-27.854086,43.901924,58.136234
SNN,Smith & Nephew plc ADR,Medical Devices,-1.3732394,0.7553957,-5.6266847,-6.881649,-12.30432,-14.629686
SNOW,Snowflake Inc,Software - Application,-2.819317,-2.5642574,-2.1598861,39.041714,92.22712,47.23742
SNPS,Synopsys Inc,Software - Infrastructure,-3.599612,-6.4900055,-11.0159235,-19.277294,-12.519033,-21.719322
SNX,TD Synnex Corp,Electronics & Computer Distribution,0.5208333,1.6458197,-0.53054416,-7.759348,71.813835,74.718765
SNY,Sanofi ADR,Drug Manufacturers - General,-2.146319,-1.0501751,-4.5260077,0.04719207,-4.9327354,-12.505158
SO,Southern Company,Utilities - Regulated Electric,-1.2068965,-2.7054563,-6.86965,-7.6699967,-7.966592,-1.4334862
SOBO,South Bow Corp,Oil & Gas Midstream,-0.33585224,-4.4026847,-2.917121,-0.7248397,6.362007,29.632326
SOC,Sable Offshore Corp,Oil & Gas Drilling,2.9045644,0.8130081,23.383085,-50.988144,-69.53317,-45.011086
SOFI,SoFi Technologies Inc,Credit Services,-3.286119,-1.5002885,-6.7722554,-4.6901174,1.0059172,-34.797554
SOLS,Solstice Advanced Materials Inc,Specialty Chemicals,-1.0730356,-9.642744,-8.617106,-33.20089,-14.750186,17.661589
SOLV,Solventum Corp,Medical Instruments & Supplies,0.26720107,0.033322226,3.731859,19.395466,36.910915,13.65472
SON,Sonoco Products Co,Packaging & Containers,-0.08278146,-0.22731969,-14.92511,-4.7355957,-4.716795,10.632447
SONO,Sonos Inc,Consumer Electronics,0.5134788,7.628866,1.3592232,6.6757493,19.359756,-10.820045
SONY,Sony Group Corp ADR,Consumer Electronics,-2.2476501,2.0477815,0.92827004,17.658632,18.298714,-6.5625
SOUN,SoundHound AI Inc,Software - Application,-4.9459043,-5.0925927,-12.642045,-13.623595,-6.10687,-38.314945
SPB,Spectrum Brands Holdings Inc,Household & Personal Products,0.24575776,0.011675423,-2.4928856,2.0126235,22.827646,44.989845
SPCX,Space Exploration Technologies Corp,Aerospace & Defense,-3.1454606,-2.7516096,-1.8737605,-22.437838,555.33716,558.6612
SPFI,South Plains Financial Inc,Banks - Regional,0.24841915,-1.3555555,-2.1168687,9.01277,8.374023,14.407216
SPG,Simon Property Group Inc,REIT - Retail,-0.42445236,-0.21023811,-7.9261966,-3.4211895,10.611316,10.258765
SPGI,S&P Global Inc,Financial Data & Stock Exchanges,-1.4383333,-1.395927,0.48473924,0.3893702,-2.8061163,-21.0624
SPH,Suburban Propane Partners LP,Utilities - Regulated Gas,-0.17720024,-2.9850745,-3.373356,2.1148036,-15.920398,-8.845739
SPHR,Sphere Entertainment Co,Entertainment,-2.2252374,2.2562792,-16.013987,-8.396364,34.15247,51.577618
SPNT,SiriusPoint Ltd,Insurance - Reinsurance,0.20308693,1.6900247,5.2025585,8.391915,21.050049,12.6998625
SPOT,Spotify Technology SA,Internet Content & Information,0.35052398,6.7418737,13.359189,19.265938,17.64235,-3.8659573
SPSC,SPS Commerce Inc,Software - Application,-1.2465374,4.772553,7.562639,54.329006,41.492664,-8.005161
SPTX,Seaport Therapeutics Inc,Biotechnology,-7.044534,5.5632186,-5.9016395,26.362135,0,0
SPXC,SPX Technologies Inc,Building Products & Equipment,-2.6639009,-7.4819694,-18.067362,-26.612339,-4.5296354,-10.871738
SPXX,Nuveen S&P 500 Dynamic Overwrite Fund,Closed-End Fund - Equity,-2.8391168,-2.4287224,-3.6998436,1.9305019,14.782609,2.4390244
SQM,Sociedad Quimica Y Minera de Chile SA ADR,Specialty Chemicals,-0.6310053,-8.1765175,-7.7363515,-13.0505705,-2.6278808,0.7122093
SR,Spire Inc,Utilities - Regulated Gas,-1.4011799,-1.7152659,-2.5154939,4.1142116,-9.294436,-2.9987907
SRAD,Sportradar Group AG,Software - Application,0.8333333,3.7412314,1.3709064,-11.620186,-32.126465,-44.005047
SRCE,1st Source Corp,Banks - Regional,-0.1945748,1.4897579,-0.7963595,13.379274,31.722054,39.542328
SRE,Sempra,Utilities - Diversified,-2.1568863,-4.481826,-5.5154757,-10.464219,-11.46969,-8.0303545
SRPT,Sarepta Therapeutics Inc,Biotechnology,-0.9560229,-5.9037237,13.971397,18.197376,24.146194,-3.717472
SRRK,Scholar Rock Holding Corp,Biotechnology,-3.5679846,-8.45844,-3.9385207,5.6412425,12.007169,13.507378
SSB,SouthState Bank Corp,Banks - Regional,-0.34869474,0.37019458,-4.58401,9.541076,17.921267,12.357879
SSD,Simpson Manufacturing Co Inc,Lumber & Wood Production,0.83920974,-2.0326123,-11.669815,-13.545518,3.5983715,7.1592245
SSL,Sasol Ltd ADR,Specialty Chemicals,4.206897,3.6351166,29.035013,40.297123,23.34694,132.10446
SSMR,Sunshine Silver Mining & Refining Co,Other Industrial Metals & Mining,-3.3694344,-10.178971,0.375,17.311907,0,0
SSNC,SS&C Technologies Holdings Inc,Software - Application,0.08618567,2.4577765,1.867168,24.258636,13.883441,-7.0121255
SSRM,SSR Mining Inc,Gold,1.2352772,-6.2765956,7.5045757,13.861066,53.284035,60.766422
ST,Sensata Technologies Holding Plc,Scientific & Technical Instruments,0.62832284,-0.92790866,-9.320558,-17.756271,25.497288,25.082607
STAA,Staar Surgical Co,Medical Instruments & Supplies,-2.709146,-4.974598,-6.8285594,-22.92239,28.110731,-2.793417
STAG,STAG Industrial Inc,REIT - Industrial,0.45970795,-0.08068854,0.95108694,-1.7195767,1.3919214,1.0609359
STBA,S & T Bancorp Inc,Banks - Regional,0.05937067,1.8738666,-0.8627451,7.94193,26.653307,28.487928
STC,Stewart Information Services Corp,Insurance - Property & Casualty,-1.5816175,-1.5375429,-3.0997503,-0.7523322,14.932915,-6.1201253
STDN,Standard Nuclear Inc,Specialty Chemicals,0.4882018,-5.291411,-7.212622,0,0,0
STE,Steris Plc,Medical Devices,-1.5819527,-2.2362733,-8.474429,3.785598,-4.431214,-17.055853
STEP,StepStone Group Inc,Asset Management,-3.8902936,-1.0612736,2.3405137,9.314159,5.735074,-23.001402
STEW,SRH Total Return Fund Inc,Closed-End Fund - Equity,-0.10934937,0.4950495,-0.76045626,3.8068182,8.234597,-1.4563106
STGW,Stagwell Inc,Advertising Agencies,-1.25,1.9953052,-0.11494253,29.508196,42.92763,77.70961
STK,Columbia Seligman Premium Technology Growth Fund Inc,Closed-End Fund - Equity,0.7972001,-0.5944391,-2.6296017,-4.371887,34.85952,40.907856
STLA,Stellantis N.V,Auto Manufacturers,-2.851711,-3.4026465,-0.1953125,-19.40063,-19.273302,-53.076218
STLD,Steel Dynamics Inc,Steel,1.9997442,-0.6107441,-7.3365355,-4.2775397,45.91034,41.17439
STM,ST Microelectronics,Semiconductors,0.29300964,-7.041707,-14.106471,-38.869755,55.281918,84.734
STN,Stantec Inc,Engineering & Construction,0.24137442,0.113442995,-4.94143,4.2990103,-18.550993,-25.18016
STNE,StoneCo Ltd,Software - Infrastructure,-2.6183283,-1.5274949,4.314995,-8.687441,-27.565542,-34.617985
STNG,Scorpio Tankers Inc,Oil & Gas Midstream,0.31593728,3.2145438,6.7222705,6.391164,26.11062,68.66024
STOK,Stoke Therapeutics Inc,Biotechnology,-4.8986487,-5.9157753,-12.387177,-9.193548,-15.995225,-11.310649
STRA,Strategic Education Inc,Education & Training Services,0.47141302,1.7629775,3.0115256,10.341166,2.9732409,3.6408978
STRC,Strategy Inc - VR PRF PERPETUAL USD 100 - Ser A,Software - Application,-1.7895056,-0.7256004,2.9461637,9.651202,-2.420894,-1.675186
STRL,Sterling Infrastructure Inc,Engineering & Construction,-2.9289234,-7.2967787,-23.989468,-46.742004,14.294963,49.89387
STRW,Strawberry Fields Reit Inc,REIT - Healthcare Facilities,-0.14336918,0.14378145,2.4264705,4.4227886,11.44,6.335878
STT,State Street Corp,Asset Management,-1.6103317,-3.5228517,-4.097596,9.993464,51.783226,43.500504
STUB,Stubhub Holdings Inc,Internet Content & Information,-3.4482758,-2.1630616,-17.41573,-49.657536,-11.9760475,-56.54102
STVN,Stevanato Group Spa,Medical Instruments & Supplies,1.0318949,6.422925,1.3170273,22.805017,47.53425,7.057654
STWD,Starwood Property Trust Inc,REIT - Mortgage,-1.5544041,-4.221802,-6.4039407,-8.982036,-11.007026,-15.602443
STX,Seagate Technology Holdings Plc,Computer Hardware,-4.1884427,-12.880396,-22.414782,-27.883726,87.68329,180.26073
STZ,Constellation Brands Inc,Beverages - Brewers,-1.104,1.7030029,-5.3155637,-12.438023,-17.377356,-10.394318
SU,Suncor Energy Inc,Oil & Gas Integrated,4.5838184,4.129238,7.8157816,29.893368,12.808037,62.015327
SUI,Sun Communities Inc,REIT - Residential,-0.7709251,0.9393313,-3.4854977,-1.1227418,-10.203925,-5.4717135
SUN,Sunoco LP,Oil & Gas Refining & Marketing,1.0615443,2.8024168,6.6835647,25.937008,23.543951,52.585384
SUNB,Sunbelt Rentals Holdings Inc,Rental & Leasing Services,-1.6014235,-2.083901,-13.531393,-16.465258,12.170385,0
SUNC,SunocoCorp LLC,Oil & Gas Midstream,0.4447739,-1.3109978,7.7391996,28.883957,34.114155,64.97565
SUPN,Supernus Pharmaceuticals Inc,Drug Manufacturers - Specialty & Generic,-0.5061461,-1.8778226,-14.481044,-6.9851284,-13.56784,-16.94165
SUZ,Suzano SA ADR,Paper & Paper Products,0.32608697,-0.43149945,17.430025,10.011919,-1.9128586,-1.1777302
SVC,Service Properties Trust,REIT - Hotel & Motel,-0.29985008,-6.469761,-17.799753,-21.301775,-25.698324,-27.717392
SVM,Silvercorp Metals Inc,Silver,-0.34965035,-9.163346,-4.3624163,0.7067138,24.863089,36.690647
SVRA,Savara Inc,Biotechnology,-1.4981273,-2.8624191,-2.048417,-4.3636365,6.048387,-12.769485
SVV,Savers Value Village Inc,Specialty Retail,-5.882353,-5.6910567,-12.121212,-8.571428,18.670076,-0.6423983
SW,Smurfit WestRock plc,Packaging & Containers,-0.09142857,3.5781991,-8.575612,-1.1085973,20.712511,13.03336
SWK,Stanley Black & Decker Inc,Tools & Accessories,-0.34874564,-3.3813264,-11.055326,2.1095102,31.65874,19.25148
SWKS,Skyworks Solutions Inc,Semiconductors,13.550341,17.585577,32.880554,24.223602,65.31962,41.93345
SWX,Southwest Gas Holdings Inc,Utilities - Regulated Gas,0.4861111,-1.1837014,-4.86522,-1.8761302,3.8765254,8.497875
SXC,SunCoke Energy Inc,Coking Coal,-0.8385744,-7.163886,-0.5257624,9.490741,57.404327,31.38889
SXI,Standex International Corp,Specialty Industrial Machinery,-0.90958565,-5.5432043,-22.035662,-19.116667,1.2793008,17.323269
SXT,Sensient Technologies Corp,Specialty Chemicals,0.07111814,-4.832043,-5.103035,11.596757,52.651882,34.795105
SYBT,Stock Yards Bancorp Inc,Banks - Regional,0.7705692,4.6193547,-3.7968676,10.7953,29.128841,24.834488
SYF,Synchrony Financial,Credit Services,0.23721665,-1.667744,-5.8080497,1.0629816,14.911618,-8.833753
SYK,Stryker Corp,Medical Devices,-0.13126619,2.2186718,-15.12904,-8.54451,-16.137873,-19.907816
SYM,Symbotic Inc,Specialty Industrial Machinery,2.8125,0.35194746,0.9917355,2.615163,-14.664804,-28.117647
SYNA,Synaptics Inc,Semiconductors,2.377446,3.6090705,-11.991319,-30.924835,37.01253,31.47798
SYRE,Spyre Therapeutics Inc,Biotechnology,0.16519824,4.6244106,-13.049713,2.954494,120.48485,177.62515
SYY,Sysco Corp,Food Distribution,-4.7163033,-2.4151037,-2.748931,1.1435832,-2.1271365,8.020084
T,AT&T Inc,Telecom Services,0.7921539,6.2425447,8.265802,21.399364,-5.6163898,7.568438
TAC,Transalta Corp,Utilities - Independent Power Producers,-2.4597116,-6.8825912,-9.520063,-16.302765,-2.37691,-9.018988
TAK,Takeda Pharmaceutical Co ADR,Drug Manufacturers - Specialty & Generic,0.53763443,2.6908293,7.594937,19.641714,4.879417,19.948685
TAL,TAL Education Group ADR,Education & Training Services,0.8583691,2.7097902,0.59931505,27.856365,2.79965,7.6993585
TALO,Talos Energy Inc,Oil & Gas E&P,3.7938845,4.683038,11.700183,33.115467,18.410852,66.33394
TAP,Molson Coors Beverage Company,Beverages - Brewers,0.48618218,2.0530145,-3.6082475,-0.32994923,-5.1449275,-15.874036
TARS,Tarsus Pharmaceuticals Inc,Biotechnology,-2.1513445,-5.4850793,10.783828,23.860039,21.26802,-4.457743
TASK,TaskUs Inc,Information Technology Services,0.36407766,9.247027,15.020863,68.43177,-20.327553,-29.85581
TBBB,BBB Foods Inc,Discount Stores,-1.2827989,-1.6840882,4.8297215,20.64133,56.325024,52.111412
TBBK,Bancorp Inc,Banks - Regional,-0.3981684,0,-26.717445,-10.931102,-4.904011,-25.903437
TBLA,Taboola.com Ltd,Internet Content & Information,-1.5345268,3.7735848,-1.0282776,-18.085106,24.193548,-16.4859
TBN,Tamboran Resources Corp,Oil & Gas E&P,6.947032,2.7621484,7.5769744,14.767209,25.877193,47.557842
TBPH,Theravance Biopharma Inc,Biotechnology,0.058719907,-0.11723329,0.7092199,2.774427,18.911375,-8.925708
TCBI,Texas Capital Bancshares Inc,Banks - Regional,-0.68061763,0.21525215,-3.284202,-1.3122035,6.2948465,7.9854207
TCBK,Trico Bancshares,Banks - Regional,0.33557048,0.5229735,-6.3348417,4.7081714,16.796875,13.616213
TCBX,Third Coast Bancshares Inc,Banks - Regional,-0.30850595,0.7572383,-0.9198423,16.02975,22.072315,19.02131
TCOM,Trip.com Group Ltd ADR,Travel Services,0.43500513,0.15310028,-12.486065,-12.971175,-23.129652,-45.417885
TD,Toronto Dominion Bank,Banks - Diversified,0.4465393,1.9556824,-2.3081872,1.8274792,32.046963,28.949045
TDAY,USA TODAY Co Inc,Publishing,-0.15174507,4.6104927,-8.228731,-16.497461,2.173913,27.76699
TDC,Teradata Corp,Software - Infrastructure,0.0680967,5.4917445,6.756266,-4.8251295,9.541558,-3.4494088
TDG,Transdigm Group Incorporated,Aerospace & Defense,-2.3595688,-3.6138155,-12.345899,-18.31726,-7.847018,-18.411852
TDOC,Teladoc Health Inc,Health Information Services,1.2307693,7.8688526,0.6116208,-18.463446,22.990654,-6
TDS,Telephone And Data Systems Inc,Telecom Services,0.318218,-0.15835312,9.588644,-4.445567,-7.754206,-7.731707
TDTH,Trident Digital Tech Holdings Ltd,Information Technology Services,-2.0408163,-1.1764706,-12.953368,-21.12676,-73.20574,-81.339554
TDW,Tidewater Inc,Oil & Gas Equipment & Services,3.623843,-1.3753089,-2.3198893,41.93598,26.641832,81.72639
TDY,Teledyne Technologies Inc,Scientific & Technical Instruments,0.23446266,0.5510475,-11.62904,-3.4006908,-2.8676686,17.187164
TE,T1 Energy Inc,Electrical Equipment & Parts,-1.6018307,-12.423625,-11.885246,-54.010696,-34.848484,-35.628742
TEAM,Atlassian Corp,Software - Application,-1.5355086,6.790818,19.874952,129.46083,157.4393,17.065498
TECH,Bio-Techne Corp,Biotechnology,0.096859,0.12456747,-0.06907032,24.853296,40.52059,23.006292
TECK,Teck Resources Ltd,Copper,-2.4150944,-8.089281,-0.29302898,0.45059043,42.526455,34.99687
TEL,TE Connectivity plc,Electronic Components,-0.95884347,-1.5927302,-7.341982,-7.452674,2.8492646,-11.467628
TEM,Tempus AI Inc,Health Information Services,10.673525,12.353133,33.326878,35.424862,46.61414,16.596106
TEN,Tsakos Energy Navigation Limited,Oil & Gas Midstream,3.0028214,15.320397,21.228653,33.481327,43.245514,127.9661
TENB,Tenable Holdings Inc,Software - Infrastructure,8.580388,13.127413,7.934259,41.756607,91.985886,61.878452
TEO,Telecom Argentina SA ADR,Telecom Services,1.0144928,6.9018407,4.6546545,1.3818182,24.464285,20.068907
TER,Teradyne Inc,Semiconductor Equipment & Materials,1.1087484,-13.25028,-24.888298,-23.992968,14.448303,71.96218
TEVA,Teva- Pharmaceutical Industries Ltd,Drug Manufacturers - Specialty & Generic,1.3688016,6.51289,7.6522217,24.682339,36.616776,25.760975
TEX,Terex Corp,Farm & Heavy Construction Machinery,-0.5453306,-5.7189016,-13.335314,-12.66088,2.0636587,9.329337
TFC,Truist Financial Corp,Banks - Regional,0.7185629,0.6181456,-3.9406054,4.4072003,14.266304,2.5401342
TFII,TFI International Inc,Trucking,1.1458491,0.97727275,-8.460958,-8.328749,34.4598,28.96952
TFIN,Triumph Financial Inc,Banks - Regional,-2.0735583,-2.2806222,-16.816662,-10.226169,15.124556,3.3051252
TFPM,Triple Flag Precious Metals Corp,Other Precious Metals & Mining,-0.12266176,-3.9233038,2.9393172,8.3860235,6.612111,-1.9566526
TFSL,TFS Financial Corp,Banks - Regional,-0.23378141,0.17605634,-2.4850042,3.9585872,27.483196,27.578476
TFX,Teleflex Incorporated,Medical Instruments & Supplies,-0.98234844,-4.936634,-3.043511,1.5905511,22.398254,5.719436
TGB,Trekor Metals Ltd,Copper,1.7857143,-10.638298,-9.007981,11.764706,39.267017,40.9894
TGLS,Tecnoglass Holdings Inc,Building Materials,-1.6054422,-8.893928,-11.198428,-21.340004,-10.7601185,-28.139904
TGS,Transportadora de Gas del Sur ADR,Oil & Gas Integrated,0.27027026,-0.50284946,4.876325,-6.075949,-8.676923,-4.53522
TGT,Target Corp,Discount Stores,-2.7095149,-1.9807009,2.2448845,18.096987,36.3235,57.953964
TGTX,TG Therapeutics Inc,Biotechnology,-1.7777778,-2.9460201,7.62987,-0.33821872,76.38843,77.92687
TH,Target Hospitality Corp,Specialty Business Services,1.0781671,-2.34375,3.7631433,-6.9940476,107.6412,134.0824
THC,Tenet Healthcare Corp,Medical Care Facilities,-1.3836906,-3.05857,-1.4023284,51.15605,30.197155,31.265097
THFF,First Financial Corp,Banks - Regional,-0.12787724,1.1003237,-4.3009434,6.88381,29.11225,29.261833
THG,Hanover Insurance Group Inc,Insurance - Property & Casualty,0.70937324,3.9883876,4.831157,17.632496,37.899788,27.389616
THO,Thor Industries Inc,Recreational Vehicles,-2.9395754,-0.8480467,-8.140134,-1.4644929,-5.1595745,-30.534723
THQ,abrdn Healthcare Opportunities Fund,Closed-End Fund - Equity,-1.0966058,-2.118863,-3.0209932,1.827957,10.116279,-0.9932044
THRM,Gentherm Inc,Auto Parts,-0.39236203,-0.88495576,-12.136595,5.9838576,38.32183,4.7016773
TIC,TIC Solutions Inc,Specialty Business Services,1.9088017,3.7796977,0,14.133017,26.447369,-4.9455986
TIGO,Millicom International Cellular SA,Telecom Services,0.4086765,2.4046168,1.6549969,13.517356,33.12031,72.835495
TIGR,UP Fintech Holding Ltd ADR,Capital Markets,-2.8865979,-6.361829,-2.6859505,0,-28.310503,-50.732216
TILE,Interface Inc,"Furnishings, Fixtures & Appliances",-0.17426662,-0.40567952,-9.647739,5.558968,40.572598,23.101719
TIMB,TIM SA ADR,Telecom Services,-0.4707113,0.36919832,8.18647,-8.156371,-22.705118,-2.159383
TJX,TJX Companies Inc,Apparel Retail,-1.1032622,-1.2052014,-17.401392,-23.936268,-19.60253,-18.885489
TK,Teekay Corp Ltd,Oil & Gas Midstream,0.4957507,2.6030369,10.428016,19.143578,23.391304,57.142857
TKC,Turkcell Iletisim Hizmetleri A.S ADR,Telecom Services,-2.443609,-1.5180266,-4.2435427,-15.057283,-14.497529,-5.11883
TKO,TKO Group Holdings Inc,Entertainment,-1.8531902,-0.49717396,-2.5673876,-4.3515444,0.9289734,-9.028708
TKR,Timken Co,Tools & Accessories,0.034334764,-2.108358,-12.984395,-18.137117,22.351706,38.523712
TLK,Telkom Indonesia (Persero) Tbk PT ADR,Telecom Services,-1.5072083,0.2,1.3486177,1.0080645,-17.05298,-28.598576
TLN,Talen Energy Corp,Utilities - Independent Power Producers,-1.5251989,-11.737103,-20.948671,-35.329712,-6.8719673,-24.727884
TLX,Telix Pharmaceuticals Ltd ADR,Biotechnology,8.913412,3.9708266,9.377665,27.1556,46.62857,71.29506
TM,Toyota Motor Corp ADR,Auto Manufacturers,-1.0579065,2.356391,3.3248758,12.377831,-4.658082,-8.684481
TMC,TMC the metals company Inc,Other Industrial Metals & Mining,-2.0887728,-12.383178,-0.530504,-26.900585,-25.447315,-39.222042
TMDX,Transmedics Group Inc,Medical Devices,2.5972514,1.9560186,-0.2942841,11.803529,-22.660229,-27.587341
TME,Tencent Music Entertainment Group ADR,Internet Content & Information,-2.7127004,0,-11.048478,-9.621993,-21.803766,-54.991444
TMO,Thermo Fisher Scientific Inc,Diagnostics & Research,4.5256023,5.8941045,9.543817,38.049118,35.203102,10.689446
TMP,Tompkins Financial Corp,Banks - Regional,0.18203883,2.1553059,-1.2165935,10.929451,33.991615,36.5968
TMUS,T-Mobile US Inc,Telecom Services,-1.3285948,1.7649713,0.1943149,-0.6605383,-13.43119,-11.116036
TNC,Tennant Co,Specialty Industrial Machinery,-0.08736168,-3.555868,1.5539441,-24.385675,5.310006,-6.892809
TNDM,Tandem Diabetes Care Inc,Medical Devices,-3.1528852,-14.809001,-26.847898,6.4052286,-34.407734,-25.932667
TNET,TriNet Group Inc,Staffing & Employment Services,0.7859118,3.8386564,3.1426868,52.90351,83.05578,17.114832
TNGX,Tango Therapeutics Inc,Biotechnology,-2.6487367,-0.45833334,-5.5357847,-14.587057,23.017508,169.63882
TNK,Teekay Tankers Ltd,Oil & Gas Midstream,-0.75,3.0526426,11.379194,33.310947,47.95766,85.79184
TNL,Travel+Leisure Co,Travel Services,-1.1935338,1.0819166,-11.24983,-14.74384,-4.623013,-7.2735004
TOL,Toll Brothers Inc,Residential Construction,-0.022349698,-0.6293965,-7.7346168,-13.791996,1.6666666,-0.7543263
TOP,TOP Financial Group Limited,Capital Markets,2.688172,4.5859003,34.38874,123.0657,268.23715,204.0796
TOST,Toast Inc,Software - Infrastructure,-4.3556623,-1.8798151,-7.226107,29.115978,15.950474,-10.335117
TOWN,Townebank Portsmouth VA,Banks - Regional,0.6157965,1.953337,-0.02660282,8.268511,15.630769,12.616122
TPB,Turning Point Brands Inc,Tobacco,-2.979077,-4.3573284,-17.913248,-14.630578,-17.536215,-35.405903
TPC,Tutor Perini Corp,Engineering & Construction,0.7573068,-3.3265214,-12.415141,9.180664,22.800692,27.051626
TPG,TPG Inc,Asset Management,-1.208837,-3.0873032,-8.441182,12.722949,18.292988,-25.75188
TPL,Texas Pacific Land Corp,Oil & Gas E&P,1.7411778,-0.6496284,3.0045178,4.6520796,-28.451511,29.388622
TPR,Tapestry Inc,Luxury Goods,-0.6784836,2.9900625,-9.231127,-18.390244,-16.872515,-8.343117
TR,Tootsie Roll Industries Inc,Confectioners,-2.8056629,-1.048218,-6.0696516,4.1942606,-6.811451,6.1774707
TRAX,First Tracks Biotherapeutics Inc,Biotechnology,2.3955283,-2.7798839,-11.766055,120.83812,0,0
TREX,TREX Co Inc,Building Products & Equipment,-0.06871278,-4.10989,-10.502564,-7.4262676,21.228119,24.372862
TRGP,Targa Resources Corp,Oil & Gas Midstream,-0.54656225,-1.9562083,2.7847736,10.480315,20.331915,54.840107
TRI,Thomson-Reuters Corp,Specialty Business Services,-3.028871,5.8053207,3.5836866,30.5803,8.118303,-23.401537
TRIN,Trinity Capital Inc,Asset Management,0.22535211,-1.4950166,-0.7254464,5.7040997,24.058577,21.433447
TRIP,TripAdvisor Inc,Travel Services,-2.383532,2.154195,-11.406096,-30.505207,-3.6363637,-38.118134
TRLV,Trulieve Cannabis Corp,Drug Manufacturers - Specialty & Generic,-0.17211704,-1.44435,22.49208,14.851485,0,0
TRMB,Trimble Inc,Scientific & Technical Instruments,0.102145046,2.4390244,5.5844855,19.609438,-10.515903,-24.952137
TRMD,Torm Plc,Oil & Gas Midstream,-1.1601585,-1.4946419,14.113035,18.769127,35.861534,78.396324
TRMK,Trustmark Corp,Banks - Regional,0.82749844,4.6926637,-1.2674007,6.3801208,16.299559,22.002567
TRN,Trinity Industries Inc,Railroads,0.32051283,0.071047954,-5.691329,-18.276762,-4.831081,6.5431166
TRNO,Terreno Realty Corp,REIT - Industrial,0.23027326,0.1380368,-4.2387795,1.4607614,8.149743,11.207631
TRNS,Transcat Inc,Specialty Business Services,-1.4358724,-2.877698,-13.682864,-12.790698,15.368181,42.781597
TROW,T. Rowe Price Group Inc,Asset Management,-1.4839319,-3.257843,-5.640051,-3.1769624,20.930502,1.8069936
TRP,TC Energy Corp,Oil & Gas Midstream,-0.1471069,-3.7042875,-3.460809,-9.763663,-3.5674822,11.052536
TRS,Trimas Corp,Packaging & Containers,1.1767782,1.1767782,-1.149719,-11.606123,13.660399,9.139633
TRST,Trustco Bank Corp,Banks - Regional,0.8358922,2.9073815,4.066901,13.150843,38.56071,43.0196
TRU,TransUnion,Financial Data & Stock Exchanges,-2.29608,-0.038935754,-2.1346886,19.226006,9.170801,-10.180758
TRUP,Trupanion Inc,Insurance - Property & Casualty,0.6500956,6.129032,-12.237412,11.809686,0.41968715,-29.569174
TRV,Travelers Companies Inc,Insurance - Property & Casualty,-0.021161223,3.0312116,3.6926284,22.793282,27.434256,30.307522
TRVI,Trevi Therapeutics Inc,Biotechnology,-5.349276,-9.615385,-18.61472,-12.608949,41.753063,20.127796
TS,Tenaris SA ADR,Oil & Gas Equipment & Services,2.7203481,-1.6495919,5.9880238,-1.0136316,1.4690075,47.308193
TSCO,Tractor Supply Co,Specialty Retail,-2.364765,-2.8529413,-4.7577853,9.226191,-27.834826,-33.95321
TSEM,Tower Semiconductor Ltd,Semiconductors,2.092926,-9.904419,-26.015244,-31.952291,19.244637,66.172714
TSHA,Taysha Gene Therapies Inc,Biotechnology,0.998004,-5.243446,-18.518518,-21.1838,15,-8
TSLA,Tesla Inc,Auto Manufacturers,-0.6657938,-3.053207,5.0928383,-10.964069,-3.0927274,-20.710665
TSLX,Sixth Street Specialty Lending Inc,Asset Management,-2.1369863,0.05602241,-3.1453362,7.525587,0.6197183,-17.771639
TSM,Taiwan Semiconductor Manufacturing ADR,Semiconductors,-1.0191144,-4.9637084,-3.9956377,-10.466978,25.668205,36.151237
TSN,Tyson Foods Inc,Farm Products,-1.1474793,1.5655199,-10.339533,-5.247025,-9.676865,-10.354828
TT,Trane Technologies plc,Building Products & Equipment,-0.76993495,-4.8269806,-11.064125,-12.550683,3.0144265,8.615108
TTAM,Titan America SA,Building Materials,-1.1946591,-5,-9.929532,-23.462166,-0.9859155,-14.684466
TTAN,ServiceTitan Inc,Software - Application,-0.661129,2.5910363,-33.702908,-8.765374,-13.492766,-44.976524
TTC,Toro Co,Tools & Accessories,-0.5448136,-1.7414248,-4.5128207,0.52910054,0.19371502,18.267277
TTD,Trade Desk Inc,Advertising Agencies,0.2004008,8.069164,11.940298,-18.962723,-37.785152,-60.484722
TTE,TotalEnergies SE,Oil & Gas Integrated,2.172482,1.6150153,5.0660048,15.777695,4.9239435,42.341793
TTEK,Tetra Tech Inc,Engineering & Construction,0.027240533,3.4074907,2.5125628,34.210526,20.789474,9.481216
TTI,Tetra Technologies Inc,Oil & Gas Equipment & Services,2.1638331,-6.506365,-21.496437,-35.44922,-16.959799,-29.45571
TTMI,TTM Technologies Inc,Electronic Components,-0.6712595,-9.488934,-20.22982,-48.041027,22.853397,62.985508
TTWO,Take-Two Interactive Software Inc,Electronic Gaming & Multimedia,-4.934727,0.36468694,-12.292538,-11.438482,5.6222897,-17.232355
TU,Telus Corp,Telecom Services,-0.8733624,-4.0169134,-6.29515,-21.317158,-30.792683,-31.05543
TUYA,Tuya Inc ADR,Software - Infrastructure,-1.1173184,-2.2099447,-0.56179774,-5.347594,-25.941423,-16.113745
TV,Grupo Televisa SAB ADR,Telecom Services,-5.063291,-5.462185,-21.052631,-24.749165,-20.212767,-22.680412
TVTX,Travere Therapeutics Inc,Biotechnology,-4.98556,-5.602537,-1.6055406,13.345422,132.89865,63.595917
TW,Tradeweb Markets Inc,Capital Markets,-2.5431862,-1.3503011,-3.4420462,2.0705597,-18.85737,-5.5700207
TWFG,TWFG Inc,Insurance Brokers,-0.604337,3.747681,7.208589,29.026304,51.6269,-2.8154328
TWLO,Twilio Inc,Software - Infrastructure,4.4333277,6.5891986,5.927125,30.074663,95.11723,70.24747
TWST,Twist Bioscience Corp,Biotechnology,2.4860854,10.022307,11.003939,57.72042,228.26242,335.372
TX,Ternium SA ADR,Steel,2.305218,-1.4799519,5.3357863,23.650108,52.74813,49.90835
TXG,10x Genomics Inc,Medical Devices,6.1046925,10.551345,28.280739,114.041145,304.51334,356.10056
TXN,Texas Instruments Inc,Semiconductors,0.003796219,0.7033908,-6.885582,-18.40736,40.728672,51.841606
TXNM,TXNM Energy Inc,Utilities - Regulated Electric,0.9015257,0.5181347,1.0767628,1.9978969,0.22386774,-1.1548913
TXO,TXO Partners LP,Oil & Gas E&P,0.13149244,-0.97529256,9.963899,23.021002,19.263899,42.736645
TXRH,Texas Roadhouse Inc,Restaurants,-6.3162546,-5.349473,-16.986301,-4.5400844,-0.7080578,2.2168674
TXT,Textron Inc,Aerospace & Defense,0.17374039,1.0389285,-7.906446,-9.779815,-9.068379,-7.3993344
TY,Tri-Continental Corp,Closed-End Fund - Equity,-0.9253904,-2.5320058,-4.8333335,-1.2964563,9.702209,4.898959
TYG,Tortoise Energy Infrastructure Corp,Closed-End Fund - Equity,-1.9945602,-0.3686636,-2.4148047,1.6694099,-11.302564,5.7212715
TYL,Tyler Technologies Inc,Software - Application,-1.7828336,3.0494921,10.187843,26.610735,0.83666474,-22.209494
TYRA,Tyra Biosciences Inc,Biotechnology,1.4359792,15.538392,-3.012967,-10.2048025,-31.54778,-3.2712057
U,Unity Software Inc,Software - Application,-1.0126582,1.1048425,-5.368537,56.51383,133.8771,-2.626217
UA,Under Armour Inc,Apparel Manufacturing,-2.03666,0.20833333,-7.3217726,-18.057922,-15.761822,0.20833333
UAA,Under Armour Inc,Apparel Manufacturing,-1.3916501,1.2244898,-6.2381854,-18.151815,-15.2136755,-0.20120725
UAL,United Airlines Holdings Inc,Airlines,-1.8722467,-0.1867065,-12.54703,-9.634889,18.866037,-4.3820424
UAN,CVR Partners LP,Agricultural Inputs,1.4855591,1.0663863,10.049881,20.8079,5.3546267,31.297562
UBER,Uber Technologies Inc,Software - Application,-1.6522099,0.49240294,-4.7472997,-0.29313233,-3.3292732,-12.5810795
UBS,UBS Group AG,Banks - Diversified,-2.8307228,-6.10868,-3.648952,1.3582677,40.185135,11.185489
UBSI,United Bankshares Inc,Banks - Regional,0.35646886,2.0469084,-2.2866476,7.7442594,20.98079,24.635416
UCB,United Community Banks Inc,Banks - Regional,-0.113058224,0.8561644,-3.5217035,7.579909,17.369644,13.196669
UCTT,Ultra Clean Hldgs Inc,Semiconductor Equipment & Materials,-1.0995632,-12.453333,-25.28448,-45.860817,13.854691,159.21832
UDR,UDR Inc,REIT - Residential,-1.3005372,-1.3841808,-6.2567134,-7.055378,2.3453534,-4.825518
UE,Urban Edge Properties,REIT - Retail,-1.9436346,-3.1204994,-7.6430206,-9.384823,-0.83538085,5.158937
UEC,Uranium Energy Corp,Uranium,-0.7797271,-12.24138,-8.863026,-15.237302,-15.798181,-12.842465
UFCS,United Fire Group Inc,Insurance - Property & Casualty,-0.9561609,2.291783,2.8089888,13.688134,50.824177,51.031635
UFPI,UFP Industries Inc,Lumber & Wood Production,1.7030729,0.4265172,-6.659871,-4.8163548,-5.0357227,-9.489291
UFPT,UFP Technologies Inc,Medical Devices,-0.90650743,-1.1199254,-14.266596,15.12454,44.187386,24.068819
UGI,UGI Corp,Utilities - Regulated Gas,0.23860021,-1.894136,7.7514963,11.830819,6.9589815,1.0152284
UGP,Ultrapar Participacoes SA ADR,Oil & Gas Refining & Marketing,0,0.13458951,14.814815,55,51.527496,97.34748
UHAL,U-Haul Holding Company,Rental & Leasing Services,-0.51976687,-0.67620695,-14.370933,1.494456,49.70372,25.2926
UHS,Universal Health Services Inc,Medical Care Facilities,2.077922,0.6087154,3.7060928,25.274492,-4.8272524,-18.883589
UI,Ubiquiti Inc,Communication Equipment,1.7796748,8.10058,-3.584217,-4.5312657,-26.463863,1.698744
UL,Unilever plc ADR,Household & Personal Products,-1.777568,-0.080012806,1.9761555,6.917808,1.5614834,-4.525994
ULCC,Frontier Group Holdings Inc,Airlines,-1.0657194,-1.4159292,-12.283464,-22.853186,75.157234,18.259024
ULS,UL Solutions Inc,Specialty Business Services,-6.8201437,-11.153793,-16.01608,-29.100065,-21.692865,-17.879787
ULTA,Ulta Beauty Inc,Specialty Retail,-0.7892099,0.4539918,10.33588,19.3344,2.7077005,-10.0312395
UMAC,Unusual Machines Inc,Computer Hardware,1.6328332,-5.3042765,-23.615257,-7.806245,54.875587,80.76923
UMBF,UMB Financial Corp,Banks - Regional,-1.6527152,-2.6625123,-9.536032,3.306779,26.06383,19.488873
UMC,United Micro Electronics ADR,Semiconductors,-1.3242009,-4.759806,10.650282,-10.257475,136.95175,174.93639
UMH,UMH Properties Inc,REIT - Residential,-0.44757032,-0.57471263,-3.5315986,3.386454,10.113154,-2.1370208
UNF,Unifirst Corp,Specialty Business Services,-1.0367682,-2.8638923,-6.7022724,2.402299,2.4965487,38.553654
UNFI,United Natural Foods Inc,Food Distribution,-0.9285872,0.44833,-6.8592806,-13.343647,15.579056,33.085835
UNH,Unitedhealth Group Inc,Healthcare Plans,-1.9867032,-4.3581133,-4.9769983,-6.242518,36.409157,13.880221
UNIT,Uniti Group Inc,REIT - Specialty,0.61728394,-2.5896413,-0.7106599,-15.979382,30.226364,39.51498
UNM,Unum Group,Insurance - Life,1.011378,3.0192327,4.7754345,6.5570126,32.211803,23.71613
UNP,Union Pacific Corp,Railroads,-0.3823488,-0.2633982,-5.305102,10.553566,20.887962,22.769323
UPBD,Upbound Group Inc,Software - Application,-2.739726,-1.987852,-8.599382,-3.1113536,3.1377106,1.0820045
UPS,United Parcel Service Inc,Integrated Freight & Logistics,-0.10735897,3.1546059,0.32346597,-2.3936677,6.77029,3.185805
UPST,Upstart Holdings Inc,Credit Services,-3.1417625,-2.356122,-15.02521,-22.047487,-2.6943803,-42.190716
UPWK,Upwork Inc,Internet Content & Information,-0.9770115,4.550971,5.189255,7.0186334,-23.592018,-56.533806
URBN,Urban Outfitters Inc,Apparel Retail,-1.428386,-2.1526167,-0.95250523,-0.66736454,19.75075,0.8636726
URGN,UroGen Pharma Ltd,Biotechnology,-2.1106942,-7.2444444,-15.059015,24.337206,136.8899,78.22374
URI,United Rentals Inc,Rental & Leasing Services,-0.46991345,-3.8531451,-15.083017,-8.14257,39.221924,22.217417
UROY,Uranium Royalty Corp,Uranium,0.9433962,-10.833333,2.8846154,45.084747,30.091185,20.903955
USA,Liberty All-Star Equity Fund,Closed-End Fund - Equity,-0.67911714,-0.84745765,-3.3057852,0.86206895,5.786618,-6.8471336
USAC,USA Compression Partners LP,Oil & Gas Equipment & Services,-1.3113526,-4.8410406,-2.1181717,5.1077414,-8.094906,14.521739
USAR,USA Rare Earth Inc,Other Industrial Metals & Mining,-1.9732654,-9.730364,-20.16589,-37.5,-5.172414,29.411764
USAS,Americas Gold and Silver Corp,Other Industrial Metals & Mining,-2.4948025,-12.007504,-9.108527,-12.5,-12.825279,-8.219178
USB,U.S. Bancorp,Banks - Regional,-0.7338864,0.17710513,-4.0850935,7.017544,21.404879,16.604198
USFD,US Foods Holding Corp,Food Distribution,-2.943038,-5.58235,-15.284044,0.10880209,2.9194632,22.158789
USLM,United States Lime & Minerals Inc,Building Materials,1.2110281,1.920083,0.1700102,3.7323945,-0.5317802,-1.5867714
USPH,U.S. Physical Therapy Inc,Medical Care Facilities,1.5275708,4.9826636,4.1666665,29.106127,10.682372,4.6868997
UTF,Cohen & Steers Infrastructure Fund Inc,Closed-End Fund - Equity,-0.99206346,-4.7709923,-7.9335794,-7.4898033,-0.5976096,3.4840314
UTG,Reaves Utility Income Fund,Closed-End Fund - Equity,-1.7199017,-6.639004,-11.154985,-14.489311,-6.396256,-1.5855659
UTHR,United Therapeutics Corp,Drug Manufacturers - Specialty & Generic,-0.46747562,-1.2765874,-1.5988829,-6.75376,-4.564355,2.6885583
UTI,Universal Technical Institute Inc,Education & Training Services,1.0821446,-3.4758103,-21.414913,-49.070633,-41.850594,-21.354765
UTL,Unitil Corp,Utilities - Diversified,-0.9500285,-3.0139534,-3.5701072,2.2959185,2.942338,7.6176715
UTZ,Utz Brands Inc,Packaged Foods,0.28109628,0.35161743,0.84805655,102.41135,89.25729,37.475914
UUUU,Energy Fuels Inc,Uranium,-3.8897893,-18.487972,-19.810682,-28.381643,-29.19403,-18.431911
UVE,Universal Insurance Holdings Inc,Insurance - Property & Casualty,-1.3870246,1.1705302,3.2560318,15.6955385,33.051617,30.414202
UVSP,Univest Financial Corp,Banks - Regional,-0.32649255,1.2076722,-0.7431491,2.6416907,29.711685,30.543678
UVV,Universal Corp,Tobacco,-1.7065603,-2.3127754,0.06768953,-14.97316,-12.782694,-15.9241705
UWMC,UWM Holdings Corp,Mortgage Finance,-3.7593985,-6.569343,-14.09396,-42.342342,-64.044945,-70.77625
V,Visa Inc,Credit Services,0.09059902,2.2401264,4.676179,14.784256,24.534182,7.1027346
VAC,Marriott Vacations Worldwide Corp,Resorts & Casinos,-1.2207031,0.5167445,-15.3343935,3.2458916,48.96907,75.33368
VAL,Valaris Ltd,Oil & Gas Drilling,8.564046,3.84887,1.3206247,12.309063,-4.636835,75.059525
VALE,Vale SA ADR,Other Industrial Metals & Mining,-0.9582478,-6.2823834,5.2363634,-6.16083,2.9893239,11.05142
VC,Visteon Corp,Auto Parts,-2.339766,-1.9574382,-9.397032,-14.181531,14.528611,2.7024186
VCEL,Vericel Corp,Biotechnology,0.3030303,1.872275,-8.878183,-0.94763094,26.456543,10.302693
VCTR,Victory Capital Holdings Inc,Asset Management,-3.2178218,-5.6231003,-11.143843,21.330881,54.81742,67.33238
VCX,Fundrise Innovation Fund LLC,Closed-End Fund - Equity,-6.926407,-19.925512,-26.585365,-70.052734,-74.426506,0
VCYT,Veracyte Inc,Diagnostics & Research,-2.5964572,-8.481532,-4.610266,-25.153831,26.067839,-4.655582
VECO,Veeco Instruments Inc,Semiconductor Equipment & Materials,-0.036674816,-8.677686,-24.84375,-48.669178,33.39315,43.054585
VEEV,Veeva Systems Inc,Health Information Services,0.35758647,2.231595,11.865402,73.92042,44.84707,19.437351
VEON,VEON Ltd ADR,Telecom Services,-0.10171462,5.769231,19.60682,32.135307,39.409916,30.77801
VERA,Vera Therapeutics Inc,Biotechnology,-1.1160059,-0.32563648,6.449573,-4.046737,-16.925734,-33.51106
VERX,Vertex Inc,Software - Application,-1.5278839,4.2037187,3.3680835,15.917266,0.2332815,-35.45318
VET,Vermilion Energy Inc,Oil & Gas E&P,1.2791573,0.6731489,13.299664,36.927773,-3.0957522,61.39089
VFC,VF Corp,Apparel Manufacturing,-2.7543993,-1.5491867,-12.223757,-26.658974,-21.928747,-29.701328
VFS,VinFast Auto Ltd,Auto Manufacturers,-0.31948882,1.9607843,0,2.631579,9.090909,-6.5868263
VG,Venture Global Inc,Oil & Gas Midstream,0.13097577,0,11.2,38.74773,-3.2890575,124.19355
VGNT,Versigent Plc,Auto Parts,-1.9314237,-1.2024486,-3.3988883,-1.5253868,0,0
VIA,Via Transportation Inc,Software - Application,-2.5028017,0.5392912,2.675059,70.69981,81.754875,-10.031024
VIAV,Viavi Solutions Inc,Communication Equipment,-0.17740981,-13.833589,-27.021185,-28.429087,7.3791347,89.45006
VICI,VICI Properties Inc,REIT - Diversified,-1.1182109,-1.7850059,-4.622496,-5.783866,-7.7152443,-11.948791
VICR,Vicor Corp,Electronic Components,-0.41141126,0.05438625,-27.428007,-44.482,11.808679,67.85584
VIK,Viking Holdings Ltd,Travel Services,-1.5852811,-0.02351005,-14.830763,-12.472985,25.091925,19.100965
VIPS,Vipshop Holdings Ltd ADR,Internet Retail,-2.813505,-3.357314,-13.888889,-9.302325,-21.442495,-31.656303
VIR,Vir Biotechnology Inc,Biotechnology,-3.0190432,-3.4227567,11.182109,13.973799,14.725275,73.13433
VIRT,Virtu Financial Inc,Capital Markets,-3.3205407,-7.870886,-2.6218488,-8.13382,39.17848,73.88956
VISN,Vistance Networks Inc,Communication Equipment,4.0989947,5.0741606,-42.281303,-46.840443,-62.020317,0
VIST,Vista Energy SAB de CV ADR,Oil & Gas E&P,2.552022,5.082473,8.592018,14.310722,8.742714,61.03576
VIV,Telefonica Brasil SA ADR,Telecom Services,0,0.8481764,4.2982454,-5.559968,-21.72482,0.2529511
VKTX,Viking Therapeutics Inc,Biotechnology,-5.011101,-8.409786,-10.942611,-1.4154049,-7.3615837,-14.866402
VLO,Valero Energy Corp,Oil & Gas Refining & Marketing,3.6793315,2.079959,14.358132,68.0237,65.52989,143.89705
VLTO,Veralto Corp,Pollution & Treatment Controls,-0.8515057,0.8023649,-1.3126615,13.639609,7.7287602,-4.3094807
VLY,Valley National Bancorp,Banks - Regional,-0.28901735,0.29069766,-7.6305223,-2.0581973,17.647058,18.150684
VMC,Vulcan Materials Co,Building Materials,-0.53484476,-0.2761215,-10.408053,-17.712324,-3.5603714,-12.628848
VMET,Versamet Royalties Corp,Other Precious Metals & Mining,-0.94043887,-8.317215,-8.139535,-21.262459,-5.671642,0
VMI,Valmont Industries Inc,Conglomerates,0.30919102,-1.4850249,-6.5372243,-16.946924,20.843964,17.732153
VMRK,Vivmark Residential,REIT - Residential,-1.0404102,1.0003078,0,0,0,0
VNET,VNET Group Inc ADR,Information Technology Services,-3.2467532,-8.588957,-24.747475,-31.885714,-32.426304,-29.550827
VNO,Vornado Realty Trust,REIT - Office,-1.3710369,-0.43252596,-8.891821,-8.674953,35.89138,3.7560096
VNOM,Viper Energy Inc,Oil & Gas Midstream,2.9569893,1.5241882,6.759582,6.3642673,-4.4291954,18.97489
VNT,Vontier Corp,Scientific & Technical Instruments,-0.7418856,0.784683,-0.6804825,7.3553996,-8.778409,-13.636364
VOD,Vodafone Group plc ADR,Telecom Services,0.855676,3.2107413,9.135802,23.636364,23.37753,33.838
VOR,Vor Biopharma Inc,Biotechnology,-3.2928944,-3.9380245,-2.9986963,54.037266,85.38206,70.642204
VOYA,Voya Financial Inc,Financial Conglomerates,-0.6786892,0.31335685,2.2967844,13.569845,52.55398,37.521816
VOYG,Voyager Technologies Inc,Aerospace & Defense,4.2598186,2.2518518,-21.532515,-8.144796,35.227272,32.019894
VPG,Vishay Precision Group Inc,Scientific & Technical Instruments,0.14878492,-4.2364845,-20.529976,-57.138813,49.06496,57.35065
VRDN,Viridian Therapeutics Inc,Biotechnology,-1.6666666,-3.9595249,-5.4569077,31.268791,-19.088213,-29.852184
VREX,Varex Imaging Corp,Medical Devices,0.054171182,-0.16216215,0.054171182,75.40361,73.26454,58.54077
VRNS,Varonis Systems Inc,Software - Infrastructure,-0.021061499,2.9941418,9.960621,42.210903,100.12647,44.72561
VRSK,Verisk Analytics Inc,Consulting Services,-3.7159815,1.1742233,2.5395741,3.6133487,-10.741016,-19.495731
VRSN,Verisign Inc,Software - Infrastructure,-0.4487609,3.5965707,8.97826,12.326179,23.457098,22.354393
VRT,Vertiv Holdings Co,Electrical Equipment & Parts,-1.1710687,-10.757351,-19.772253,-29.557123,-8.31249,44.81205
VRTS,Virtus Investment Partners Inc,Asset Management,-3.929766,-9.687561,-17.996908,-2.6271186,8.952983,-15.488814
VRTX,Vertex Pharmaceuticals Inc,Biotechnology,-0.9393467,-1.2453946,-0.1784502,13.949471,13.354626,13.514647
VSAT,Viasat Inc,Communication Equipment,-1.4377443,-2.4184632,-13.266184,10.104475,52.209526,104.904236
VSEC,VSE Corp,Aerospace & Defense,-5.0796866,-10.01516,-26.860523,-18.766537,0.42294028,3.0734503
VSH,Vishay Intertechnology Inc,Semiconductors,2.0454545,-0.8204481,-11.6638565,-51.571648,88.76877,116.90821
VSNT,Versant Media Group Inc,Entertainment,-0.19965394,0.7524859,-4.435381,-1.8843235,3.4777808,0
VST,Vistra Corp,Utilities - Independent Power Producers,0.56846446,-6.333554,-3.1346245,-13.569466,-3.0749211,-12.272981
VSTS,Vestis Corp,Rental & Leasing Services,2.6295438,1.1432927,-1.043997,3.0279503,83.034485,98.95052
VSXY,Victoria's Secret & Co,Apparel Retail,-2.6294606,-4.146857,-13.697979,-11.466211,0,0
VTMX,Corporacion Inmobiliaria Vesta Sab ADR,Real Estate - Diversified,-1.1666168,-1.3142174,-2.2485206,-2.39291,4.7226624,8.363398
VTOL,Bristow Group Inc,Oil & Gas Equipment & Services,0.8824231,-2.1286442,-8.342361,-0.118063755,-4.255319,15.51065
VTR,Ventas Inc,REIT - Healthcare Facilities,-0.6060606,-0.9174312,-2.862784,8.529411,7.3454547,14.448178
VTRS,Viatris Inc,Drug Manufacturers - Specialty & Generic,-0.06002401,0.90909094,2.5878003,8.327911,26.136364,33.73494
VTS,Vitesse Energy Inc,Oil & Gas E&P,0.108049706,1.701427,11.425136,15.740163,-6.837607,-3.7902389
VVV,Valvoline Inc,Auto & Truck Dealerships,-6.9476457,-6.794195,-16.390533,-25.768322,-13.683567,-2.752925
VVX,V2X Inc,Aerospace & Defense,3.029057,4.5334444,-9.050212,-12.133255,10.462895,37.800182
VYX,NCR Voyix Corp,Information Technology Services,-8.474576,-9.569378,-1.8181819,0.93457943,16.307692,-25.882353
VZ,Verizon Communications Inc,Telecom Services,0.31195164,3.437877,7.053683,13.400926,2.9411764,26.319666
VZLA,Vizsla Silver Corp,Other Industrial Metals & Mining,-0.7915567,-8.0684595,3.0136986,5.915493,25.333334,-31.261425
W,Wayfair Inc,Internet Retail,-1.0497185,3.565721,0.5917734,17.13737,43.317207,3.2666068
WAB,Westinghouse Air Brake Technologies Corp,Railroads,-0.10775088,-0.8378793,-7.4937634,1.5666654,17.817505,30.297493
WABC,Westamerica Bancorporation,Banks - Regional,0.2502085,3.1405525,1.0084034,4.105318,21.14493,25.653357
WAFD,WaFd Inc,Banks - Regional,-1.785183,-2.4815361,-12.579449,-9.512061,6.209781,3.0596316
WAL,Western Alliance Bancorp,Banks - Regional,-0.18944179,-0.7908612,-3.2917278,-1.1012388,17.884846,-5.995004
WASH,Washington Trust Bancorp Inc,Banks - Regional,0.6773708,1.9563009,-0.22376926,14.919817,24.898848,35.803722
WAT,Waters Corp,Diagnostics & Research,1.7267872,3.033522,2.293128,17.3447,39.49965,9.809651
WAY,Waystar Holding Corp,Health Information Services,7.1084337,11.777033,8.06321,44.396317,10.801828,-18.564886
WB,Weibo Corp ADR,Internet Content & Information,-0.45180723,-0.30165914,-12.566137,-9.822647,-23.672056,-35.322895
WBD,Warner Bros. Discovery Inc,Entertainment,-0.24911033,0.42995343,0.35803795,6.9847326,2.2246535,-2.741152
WBI,WaterBridge Infrastructure LLC,Oil & Gas Equipment & Services,-1.0367578,-4.6032705,-0.88105726,-5.091895,22.663551,57.421288
WBTN,Webtoon Entertainment Inc,Internet Content & Information,-2.9516995,7.53221,28.706999,-5.5700607,26.456877,-16.730621
WCC,Wesco International Inc,Industrial Distribution,-0.6741306,-5.921071,-10.322823,-8.457412,33.773296,36.71517
WCN,Waste Connections Inc,Waste Management,-0.9687636,-1.103876,-3.3573723,3.5721245,-1.9189372,-9.061359
WD,Walker & Dunlop Inc,Mortgage Finance,-0.962963,-3.0456853,-1.4496315,-22.806005,-8.466454,-33.316708
WDAY,Workday Inc,Software - Application,-1.8227692,2.4832034,-0.2667643,63.06337,40.239777,-11.22544
WDC,Western Digital Corp,Computer Hardware,-3.5086896,-14.580742,-23.143225,-44.794502,40.55271,139.13625
WDFC,WD-40 Co,Specialty Chemicals,-1.0013038,-5.009007,-17.108423,-16.45174,-11.223869,-3.590655
WDS,Woodside Energy Group Ltd ADR,Oil & Gas E&P,1.010952,-0.86812735,1.5671326,19.600998,-0.6628003,53.816547
WEC,WEC Energy Group Inc,Utilities - Regulated Electric,-1.5783969,-2.4870467,-6.3173137,-7.720424,-7.7286506,-1.8490423
WELL,Welltower Inc,REIT - Healthcare Facilities,-0.61910254,-1.3310724,-1.079473,12.63489,18.791468,25.402725
WEN,Wendy's Co,Restaurants,-2.2280471,-1.061008,-13.457077,9.705882,5.218618,-10.444178
WERN,Werner Enterprises Inc,Trucking,-0.0532198,-3.4199023,-3.9631808,-7.6923075,38.240707,25.158281
WES,Western Midstream Partners LP,Oil & Gas Midstream,-1.3784461,-4.199635,-2.8195102,9.916202,13.346135,19.544304
WEST,Westrock Coffee Company,Packaged Foods,0,1.8181819,-5.5421686,-13.178294,84.90566,92.62899
WEX,WEX Inc,Software - Infrastructure,-0.33374843,7.633547,5.9352994,56.888577,27.528841,34.299908
WF,Woori Financial Group Inc ADR,Banks - Regional,-1.6458359,6.9717364,11.191942,27.066347,19.96981,35.19306
WFC,Wells Fargo & Co,Banks - Diversified,1.1385413,0.055760007,2.4902902,9.148418,15.618557,-3.7339056
WFG,West Fraser Timber Co Ltd,Lumber & Wood Production,1.4743408,4.5116076,4.6338253,1.965812,19.379587,17.13304
WFRD,Weatherford International plc,Oil & Gas Equipment & Services,1.101113,-8.241995,-8.26171,-6.8099966,-0.8706756,9.110657
WGO,Winnebago Industries Inc,Recreational Vehicles,-3.7376587,-5.109489,-13.552881,-4.778514,-18.287937,-32.625862
WGS,GeneDx Holdings Corp,Diagnostics & Research,5.4602184,9.435708,22.289701,60.379597,35.509735,-27.233585
WH,Wyndham Hotels & Resorts Inc,Lodging,-2.4855492,-3.2960734,-7.485605,-19.857483,-11.431947,-10.693489
WHD,Cactus Inc,Oil & Gas Equipment & Services,4.1915274,0.042967632,-4.9012933,27.719875,53.24704,52.91156
WHK,WhiteHawk Minerals Corp,Oil & Gas Midstream,0.9866103,0.87997186,9.682358,4.7131896,0,0
WHR,Whirlpool Corp,"Furnishings, Fixtures & Appliances",-2.8529413,-10.317676,-16.569841,-15.002573,-36.796783,-54.214027
WINA,Winmark Corp,Specialty Retail,0.6945604,-3.2128644,-13.788667,-24.676525,-25.134686,-25.532177
WING,Wingstop Inc,Restaurants,-12.091361,-8.808103,-12.858624,-37.668438,-46.30172,-57.717304
WIT,Wipro Ltd ADR,Information Technology Services,-1.6853932,4.1666665,-8.376964,-26.778242,-18.60465,-38.380283
WIX,Wix.com Ltd,Software - Infrastructure,-0.900036,11.248821,12.018448,94.351616,-6.615402,-20.51208
WK,Workiva Inc,Software - Application,-1.4231124,2.8174822,7.0702734,57.926956,23.164307,-13.263768
WKC,World Kinect Corp,Oil & Gas Refining & Marketing,1.3996001,-0.22484542,-0.39281705,14.07455,56.80212,51.515152
WLDN,Willdan Group Inc,Engineering & Construction,-4.5499144,-5.534652,-6.7569184,-12.550562,3.0587924,-24.918001
WLFC,Willis Lease Finance Corp,Rental & Leasing Services,0.46244913,-4.333275,-7.0511723,-21.07252,-4.4623523,20.119522
WLK,Westlake Corp,Specialty Chemicals,1.537123,-2.4519365,-10.471807,-12.780269,-34.018093,-5.3015957
WLKP,Westlake Chemical Partners LP,Chemicals,0,-0.8767882,-0.83102494,-4.9557524,-3.330333,13.052631
WLTH,Wealthfront Corp,Software - Application,2.0657277,14.904862,18.668121,28.79147,33.866997,-20.014717
WLY,John Wiley & Sons Inc,Publishing,1.8583523,2.7922485,-2.8937008,5.6316915,36.383743,61.051258
WM,Waste Management Inc,Waste Management,-0.3851621,0.37423766,-3.0220516,1.2348555,-6.049991,-1.1196578
WMB,Williams Cos Inc,Oil & Gas Midstream,-0.4447533,-4.683965,-2.4778762,-2.0377462,-1.0771993,19.164864
WMG,Warner Music Group Corp,Entertainment,-0.66678065,3.1605113,10.163064,3.1238906,21.598995,-5.2820344
WMK,Weis Markets Inc,Grocery Stores,-0.8122247,3.2826834,2.5622776,-6.1115456,8.82042,12.420034
WMS,Advanced Drainage Systems Inc,Building Products & Equipment,1.5000399,-3.467901,-14.035681,-13.53317,-3.7673047,-12.165988
WMT,Walmart Inc,Discount Stores,-0.90759075,2.1355004,-5.4578853,-7.7572966,-9.183331,-2.9799838
WOLF,Wolfspeed Inc,Semiconductors,0.25041735,-11.950147,-31.292906,-58.1606,47.181374,37.966686
WOR,Worthington Enterprises Inc,Metal Fabrication,-1.6108598,-9.066578,-5.8048863,-10,14.105793,5.4101224
WPC,W. P. Carey Inc,REIT - Diversified,-1.2574072,-2.330236,-4.4742727,-4.07189,1.1398964,6.15289
WPM,Wheaton Precious Metals Corp,Gold,0.2338478,-4.2995663,9.816265,22.395367,30.884663,27.654867
WPP,WPP Plc ADR,Advertising Agencies,-0.84485406,3.7364404,-0.07739938,43.683918,70.88021,14.9599285
WRB,W.R. Berkley Corp,Insurance - Property & Casualty,0.57852405,1.9596624,2.1935484,6.103007,8.427137,1.6543069
WRBY,Warby Parker Inc,Medical Instruments & Supplies,-5.3286657,-0.93610096,-4.921875,-6.24037,7.271926,11.702616
WRD,WeRide Inc ADR,Software - Application,-1.7574693,-3.95189,-8.059211,-11.968504,-11.968504,-35.59908
WRLD,World Acceptance Corp,Credit Services,-3.7483058,-2.5339174,-2.8263159,3.7538633,41.1005,31.512217
WS,Worthington Steel Inc,Steel,0.3400309,-5.940307,-14.285714,-20.304443,2.8843107,-6.239168
WSBC,Wesbanco Inc,Banks - Regional,0.024764735,0.79860246,-4.9199624,11.297878,21.950483,21.51023
WSC,WillScot Holdings Corp,Rental & Leasing Services,-2.2727273,-6.714876,-23.40967,-37.37864,6.0481505,-4.089219
WSE,Wise Group Plc,Information Technology Services,-4.0395713,-5.8252425,-9.837336,7.380074,0,0
WSFS,WSFS Financial Corp,Banks - Regional,0.024801588,1.9206469,-1.4056962,8.794173,26.78403,46.01738
WSM,Williams-Sonoma Inc,Specialty Retail,-3.4694679,-2.659107,-7.8820395,-2.4017274,24.128462,24.010303
WSO,Watsco Inc,Industrial Distribution,-2.8628283,-2.2889428,-2.9500418,-24.53122,-18.910084,-10.176584
WST,West Pharmaceutical Services Inc,Medical Instruments & Supplies,2.7590091,8.327892,5.305675,11.297454,53.988945,32.659737
WT,WisdomTree Inc,Asset Management,-3.0276437,-7.5313807,-4.2875705,20.699072,66.91843,81.29614
WTFC,Wintrust Financial Corp,Banks - Regional,-0.34212777,0.6110927,-5.895875,-1.713062,14.291104,8.332141
WTM,White Mountains Insurance Group Ltd,Insurance - Property & Casualty,-0.5376762,-0.23746714,-3.1920128,1.6181905,-5.061229,-1.5442511
WTRG,Essential Utilities Inc,Utilities - Regulated Water,-0.3124249,-1.2380953,4.2211056,13.024523,3.881793,8.133472
WTS,Watts Water Technologies Inc,Specialty Industrial Machinery,-0.41485524,-1.6335008,-9.011372,1.9134026,21.035364,26.972683
WTTR,Select Water Solutions Inc,Oil & Gas Equipment & Services,3.0922694,0.8292683,-3.0487804,16.779661,43.442055,96.48289
WTW,Willis Towers Watson Public Limited Co,Insurance Brokers,-0.53751814,2.6297336,-1.2543703,26.163794,10.54764,-2.0176506
WU,Western Union Company,Credit Services,-2.560455,-1.2968299,-4.5961003,-3.7921348,-24.05765,-26.4232
WULF,TeraWulf Inc,Capital Markets,-6.3348417,-15.411559,-17.670454,-50,-4.0397353,26.109661
WVE,Wave Life Sciences Inc,Biotechnology,-2.6200874,-7.2765074,-12.377211,-27.597403,-62.07483,-73.76471
WWD,Woodward Inc,Aerospace & Defense,-1.5923861,-5.378191,-13.7419,-25.711496,-9.579737,5.68272
WWW,Wolverine World Wide Inc,Footwear & Accessories,-2.0993342,-2.3991833,-3.5804336,8.636364,20.32725,5.3443527
WY,Weyerhaeuser Co,REIT - Specialty,0.26990554,-1.3280213,-7.4335546,-8.347039,-0.80106807,-5.9096665
WYNN,Wynn Resorts Ltd,Resorts & Casinos,-1.1964449,-3.9011416,-15.643545,-17.833792,-13.272655,-27.939833
XE,X-Energy Inc,Specialty Industrial Machinery,-3.932225,-12.949015,-26.546076,-30.31076,0,0
XEL,Xcel Energy Inc,Utilities - Regulated Electric,-2.2518878,-4.8562803,-8.483777,-6.355768,-5.575094,-1.8548605
XENE,Xenon Pharmaceuticals Inc,Biotechnology,-3.282351,-4.577823,-9.74984,6.3693066,2.4390244,25.568943
XERS,Xeris Biopharma Holdings Inc,Drug Manufacturers - Specialty & Generic,-1.0568032,-2.8534372,-12.089202,7.769784,37.683823,-4.585987
XHR,Xenia Hotels & Resorts Inc,REIT - Hotel & Motel,-0.9065156,-0.8503401,-8.285265,-12.6373625,22.564821,23.691654
XIFR,XPLR Infrastructure LP,Utilities - Renewable,-1.4285715,-5.8020477,-4.9095607,-6.5989847,11.290322,10.4
XMTR,Xometry Inc,Industrial Distribution,3.0048218,2.3308797,-2.3905048,-6.1052747,123.43112,47.275936
XNCR,Xencor Inc,Biotechnology,-3.1797798,-4.7714515,2.7249136,87.89557,95.79555,55.12737
XNDU,Xanadu Quantum Technologies Ltd,Software - Infrastructure,-2.7431421,-13.812155,-30.666666,-41.660435,0,0
XOM,ExxonMobil Holdings Corp,Oil & Gas Integrated,2.5684516,3.0993118,4.8680787,22.864815,6.043715,40.701347
XP,XP Inc,Capital Markets,-0.33171728,2.5735295,24.394905,27.647058,7.3076925,19.303604
XPEL,XPEL Inc,Auto Parts,-1.4753047,-5.5544167,-7.830783,1.3861386,18.946825,-7.673813
XPEV,XPeng Inc ADR,Auto Manufacturers,-4.481793,-3.216651,-16.147541,-22.558668,-41.7094,-49.556213
XPO,XPO Inc,Trucking,-1.2466065,-3.2618725,-15.522062,-10.656642,-1.9851526,31.14561
XPRO,Expro Ltd,Oil & Gas Equipment & Services,1.3372093,-4.1781197,-6.1389337,26.121563,4.6846848,30.561798
XRAY,DENTSPLY Sirona Inc,Medical Instruments & Supplies,-5.298651,-8.302238,-12.153708,-4.840271,-10.228311,-13.99825
XXI,Twenty One Capital Inc,Education & Training Services,-7.0811744,-4.4404974,8.686869,-2.536232,-24.860334,-38.584476
XYL,Xylem Inc,Specialty Industrial Machinery,0.009303191,-0.13006318,-8.487273,-3.5182192,-10.743938,-21.060362
XYZ,Block Inc,Software - Infrastructure,-1.4844635,-1.3727959,-2.3566084,4.7205133,31.901634,20.310339
XZO,Exzeo Group Inc,Insurance - Diversified,1.8348624,4.0625,7.4887023,25.470987,13.188307,-31.340206
YELP,Yelp Inc,Internet Content & Information,-3.1607878,3.2730825,-8.365843,-7.604895,-13.925081,-30.437643
YETI,YETI Holdings Inc,Leisure,-3.5268185,-2.7647495,-8.395349,-19.562998,10.9577465,-10.821825
YMM,Full Truck Alliance Co Ltd ADR,Software - Application,-1.1042944,-3.0084236,-8.823529,3.3333333,-2.8915663,-24.883505
YOU,Clear Secure Inc,Software - Application,-1.5625,-3.6831133,-5.1551094,-19.183674,-13.5910225,18.529076
YPF,YPF ADR,Oil & Gas Integrated,2.2723238,5.4934993,9.316888,14.192269,37.428436,59.31969
YSS,York Space Systems Inc,Aerospace & Defense,0.7782101,-3.717472,-27.110695,-74.77273,-63.122925,0
YSWY,Yesway Inc,Grocery Stores,-2.4197097,-4.2727666,-11.386336,8.459658,0,0
YUM,Yum Brands Inc,Restaurants,-3.7996309,-3.024249,-3.010886,-7.382065,-9.999361,-6.9473825
YUMC,Yum China Holdings Inc,Restaurants,-2.6162112,-2.0901833,-11.561307,-2.888423,-19.424044,-12.6728115
Z,Zillow Group Inc,Internet Content & Information,-1.98915,1.1823273,-3.558719,1.2768608,-26.006826,-52.330696
ZBH,Zimmer Biomet Holdings Inc,Medical Devices,1.9370209,4.0164886,0.21384929,11.867682,11.994992,9.441726
ZBIO,Zenas Biopharma Inc,Biotechnology,0.06267628,-1.1148963,4.6885247,61.425682,43.183857,-12.062793
ZBRA,Zebra Technologies Corp,Communication Equipment,-2.5809386,-0.60899574,-7.6846414,45.236885,68.318436,41.145706
ZD,Ziff Davis Inc,Advertising Agencies,3.2432432,7.031815,9.02228,28.6335,40.10885,68.4495
ZETA,Zeta Global Holdings Corp,Software - Infrastructure,0.09674299,2.038133,7.665626,64.2328,83.12685,52.530712
ZG,Zillow Group Inc,Internet Content & Information,-1.9213716,1.1431184,-3.3216784,2.1237304,-23.776705,-51.370365
ZGN,Ermenegildo Zegna NV,Apparel Manufacturing,-0.25795355,-0.85470086,-13.238594,-16.366259,19.834711,13.170732
ZIM,Zim Integrated Shipping Services Ltd,Marine Shipping,-0.5047106,0.6466984,2.6379728,21.487265,14.258115,39.28403
ZION,Zions Bancorporation N.A,Banks - Regional,-1.7201504,-0.17618558,-5.0153675,2.7504911,25.790934,16.142809
ZLAB,Zai Lab Limited ADR,Biotechnology,0.89503664,-1.1164274,-3.2761312,36.413643,37.092316,40.58957
ZM,Zoom Communications Inc,Software - Application,-2.401426,-3.2335205,-11.832133,7.7698007,21.485445,7.8572254
ZS,Zscaler Inc,Software - Infrastructure,1.1265843,16.730885,5.1236176,55.29836,28.005547,-13.796017
ZTO,ZTO Express (Cayman) Inc ADR,Integrated Freight & Logistics,-2.2966506,-1.4478765,-10.868616,-7.181818,-16.516762,-2.2498803
ZTS,Zoetis Inc,Drug Manufacturers - Specialty & Generic,-0.3257771,0.16368845,0.63039607,-6.7081695,-36.51768,-41.638847
ZWS,Zurn Elkay Water Solutions Corp,Pollution & Treatment Controls,0.19527012,-0.96504396,-8.209104,-7.603041,5.457867,-0.6668101
ZYME,Zymeworks BC Inc,Biotechnology,-2.9795158,-4.051565,2.9237456,12.575626,11.70669,-1.0634258
